id,time_stamp,latitude,longitude,course,speed,altitude,comment,time_received,delay
Rider-1,14:57:40,52.056,7.582666667,262,211.128,1833.372,0,2025-Jun-09 12:36:14,0
Rider-2,14:57:42,52.056,7.581833333,262,212.98,1837.3344,0,2025-Jun-09 12:36:14,0.10499382
Rider-3,14:57:42,52.05583333,7.581,262,212.98,1840.3824,0,2025-Jun-09 12:36:14,0.110667706
Rider-4,14:57:43,52.05583333,7.58,262,214.832,1844.3448,0,2025-Jun-09 12:36:14,0.111320257
Rider-5,14:57:44,52.05566667,7.579166667,262,214.832,1847.088,0,2025-Jun-09 12:36:15,0.110044003
Rider-6,14:57:45,52.05566667,7.578333333,262,214.832,1850.136,0,2025-Jun-09 12:36:15,0.111003399
Rider-7,14:57:46,52.05566667,7.5775,262,216.684,1854.0984,0,2025-Jun-09 12:36:15,0.109997988
Rider-8,14:57:47,52.0555,7.5765,262,216.684,1857.1464,0,2025-Jun-09 12:36:15,0.110951185
Rider-9,14:57:48,52.0555,7.575666667,262,216.684,1860.1944,0,2025-Jun-09 12:36:15,0.111047745
Rider-10,14:57:49,52.05533333,7.574833333,262,218.536,1864.1568,0,2025-Jun-09 12:36:15,0.109916925
Rider-11,14:57:50,52.05533333,7.574,261,218.536,1867.2048,0,2025-Jun-09 12:36:15,0.1115942
Rider-12,14:57:52,52.05516667,7.573,261,218.536,1871.1672,0,2025-Jun-09 12:36:15,0.108002901
Rider-13,14:57:52,52.05516667,7.572166667,261,218.536,1874.2152,0,2025-Jun-09 12:36:15,0.110046864
Rider-14,14:57:54,52.055,7.571333333,261,218.536,1878.1776,0,2025-Jun-09 12:36:16,0.10895133
Rider-15,14:57:55,52.055,7.5705,260,218.536,1881.2256,0,2025-Jun-09 12:36:16,0.108050108
Rider-16,14:57:56,52.05483333,7.5695,260,220.388,1885.188,0,2025-Jun-09 12:36:16,0.108998537
Rider-17,14:57:57,52.05483333,7.568666667,260,220.388,1888.236,0,2025-Jun-09 12:36:16,0.10945487
Rider-18,14:57:58,52.05466667,7.567833333,260,220.388,1892.1984,0,2025-Jun-09 12:36:16,0.111283064
Rider-19,14:57:59,52.05466667,7.566833333,260,220.388,1895.2464,0,2025-Jun-09 12:36:16,0.109435081
Rider-20,14:58:00,52.0545,7.566,259,220.388,1899.2088,0,2025-Jun-09 12:36:16,0.110048294
Rider-21,14:58:01,52.0545,7.565166667,259,220.388,1902.2568,0,2025-Jun-09 12:36:16,0.110949755
Rider-22,14:58:02,52.05433333,7.564166667,259,222.24,1906.2192,0,2025-Jun-09 12:36:16,0.109002113
Rider-23,14:58:04,52.05416667,7.5625,259,222.24,1913.2296,0,2025-Jun-09 12:36:17,0.111048698
Rider-24,14:58:04,52.054,7.5615,259,222.24,1917.192,0,2025-Jun-09 12:36:17,0.108952761
Rider-25,14:58:07,52.05383333,7.559833333,259,222.24,1925.1168,0,2025-Jun-09 12:36:18,1.114152431
Rider-26,14:58:08,52.05366667,7.558833333,259,222.24,1928.1648,0,2025-Jun-09 12:36:18,0.109997272
Rider-27,14:58:09,52.05366667,7.558,259,224.092,1932.1272,0,2025-Jun-09 12:36:18,0.111000299
Rider-28,14:58:10,52.0535,7.557166667,258,224.092,1936.3944,0,2025-Jun-09 12:36:18,0.108951807
Rider-29,14:58:10,52.05333333,7.556166667,258,224.092,1939.1376,0,2025-Jun-09 12:36:18,0.11199975
Rider-30,14:58:11,52.05333333,7.555333333,258,225.944,1943.1,0,2025-Jun-09 12:36:18,0.112049818
Rider-31,14:58:13,52.05316667,7.5545,258,225.944,1947.3672,0,2025-Jun-09 12:36:19,0.109998465
Rider-32,14:58:14,52.053,7.5535,258,225.944,1951.3296,0,2025-Jun-09 12:36:19,0.109956741
Rider-33,14:58:15,52.053,7.552666667,258,225.944,1955.292,0,2025-Jun-09 12:36:19,0.112043142
Rider-34,14:58:16,52.05283333,7.551666667,258,225.944,1959.2544,0,2025-Jun-09 12:36:19,0.108002901
Rider-35,14:58:17,52.05266667,7.550833333,258,225.944,1963.2168,0,2025-Jun-09 12:36:19,0.109949827
Rider-36,14:58:18,52.05266667,7.55,258,225.944,1967.1792,0,2025-Jun-09 12:36:19,0.111998796
Rider-37,14:58:19,52.0525,7.549,258,225.944,1972.3608,0,2025-Jun-09 12:36:19,0.110000849
Rider-38,14:58:20,52.05233333,7.548166667,258,224.092,1978.152,0,2025-Jun-09 12:36:19,0.111998558
Rider-39,14:58:20,52.05233333,7.547166667,258,224.092,1984.248,0,2025-Jun-09 12:36:19,0.108051062
Rider-40,14:58:22,52.05216667,7.546333333,258,224.092,1991.2584,0,2025-Jun-09 12:36:20,0.110949516
Rider-41,14:58:23,52.052,7.5455,258,222.24,1998.2688,0,2025-Jun-09 12:36:20,0.108999968
Rider-42,14:58:24,52.052,7.5445,258,220.388,2005.2792,0,2025-Jun-09 12:36:20,0.109511375
Rider-43,14:58:25,52.05183333,7.543666667,258,220.388,2012.2896,0,2025-Jun-09 12:36:20,0.111610651
Rider-44,14:58:26,52.05166667,7.542833333,258,218.536,2019.3,0,2025-Jun-09 12:36:20,0.11050415
Rider-45,14:58:27,52.05166667,7.542,258,218.536,2026.3104,0,2025-Jun-09 12:36:20,0.111160278
Rider-46,14:58:28,52.0515,7.541,258,216.684,2032.4064,0,2025-Jun-09 12:36:20,0.110214233
Rider-47,14:58:29,52.05133333,7.540166667,259,216.684,2039.112,0,2025-Jun-09 12:36:20,0.107993603
Rider-48,14:58:30,52.05133333,7.539333333,259,214.832,2046.1224,0,2025-Jun-09 12:36:20,0.110947609
Rider-49,14:58:30,52.05116667,7.5385,259,214.832,2053.1328,0,2025-Jun-09 12:36:21,0.110161304
Rider-50,14:58:32,52.05116667,7.537666667,259,212.98,2061.3624,0,2025-Jun-09 12:36:21,0
Rider-51,14:58:38,52.0505,7.532666667,259,207.424,2103.12,0,2025-Jun-09 12:36:22,1.116199732
Rider-52,14:58:38,52.0505,7.531833333,259,207.424,2110.1304,0,2025-Jun-09 12:36:22,0.11127615
Rider-53,14:58:39,52.05033333,7.531,259,205.572,2116.2264,0,2025-Jun-09 12:36:22,0.109842062
Rider-54,14:58:40,52.05033333,7.530166667,259,205.572,2123.2368,0,2025-Jun-09 12:36:22,0.110466003
Rider-55,14:58:42,52.05016667,7.529333333,260,203.72,2130.2472,0,2025-Jun-09 12:36:22,0.108918667
Rider-56,14:58:43,52.05,7.5285,260,203.72,2136.3432,0,2025-Jun-09 12:36:22,0.111457348
Rider-57,14:58:44,52.05,7.527666667,260,201.868,2143.3536,0,2025-Jun-09 12:36:22,0.110172749
Rider-58,14:58:45,52.04983333,7.526833333,260,201.868,2150.364,0,2025-Jun-09 12:36:22,0.112010956
Rider-59,14:58:46,52.04983333,7.526,260,201.868,2156.1552,0,2025-Jun-09 12:36:23,0.109505415
Rider-60,14:58:47,52.04966667,7.525333333,260,200.016,2163.1656,0,2025-Jun-09 12:36:23,0.11204195
Rider-61,14:58:47,52.04966667,7.5245,260,200.016,2169.2616,0,2025-Jun-09 12:36:23,0.109999895
Rider-62,14:58:48,52.0495,7.523666667,260,198.164,2175.3576,0,2025-Jun-09 12:36:23,0.110000372
Rider-63,14:58:49,52.0495,7.522833333,260,198.164,2182.368,0,2025-Jun-09 12:36:23,0.111311436
Rider-64,14:58:50,52.04933333,7.522,260,198.164,2188.1592,0,2025-Jun-09 12:36:23,0.109261751
Rider-65,14:58:52,52.04933333,7.521333333,260,196.312,2194.2552,0,2025-Jun-09 12:36:23,0.109760523
Rider-66,14:58:52,52.04933333,7.5205,260,196.312,2201.2656,0,2025-Jun-09 12:36:23,0.110356808
Rider-67,14:58:53,52.04916667,7.519666667,260,194.46,2207.3616,0,2025-Jun-09 12:36:23,0.110083818
Rider-68,14:58:54,52.04916667,7.519,260,194.46,2213.1528,0,2025-Jun-09 12:36:24,0.108301401
Rider-69,14:58:56,52.049,7.518166667,260,194.46,2219.2488,0,2025-Jun-09 12:36:24,0.110691547
Rider-70,14:58:56,52.049,7.517333333,260,192.608,2226.2592,0,2025-Jun-09 12:36:24,0.109558821
Rider-71,14:58:58,52.04883333,7.516666667,260,192.608,2232.3552,0,2025-Jun-09 12:36:24,0.109252214
Rider-72,14:58:58,52.04883333,7.515833333,260,192.608,2238.1464,0,2025-Jun-09 12:36:24,0.109710932
Rider-73,14:58:59,52.04866667,7.515,260,192.608,2244.2424,0,2025-Jun-09 12:36:24,0.110145092
Rider-74,14:59:00,52.04866667,7.514333333,260,190.756,2251.2528,0,2025-Jun-09 12:36:24,0.109907866
Rider-75,14:59:02,52.0485,7.5135,260,190.756,2257.3488,0,2025-Jun-09 12:36:24,0.106367588
Rider-76,14:59:03,52.0485,7.512666667,261,190.756,2263.14,0,2025-Jun-09 12:36:24,0
Rider-77,14:59:04,52.04833333,7.512,261,190.756,2269.236,0,2025-Jun-09 12:36:25,1.12477994
Rider-78,14:59:04,52.04833333,7.511166667,261,188.904,2275.332,0,2025-Jun-09 12:36:26,0.109447002
Rider-79,14:59:06,52.04833333,7.5105,261,188.904,2281.428,0,2025-Jun-09 12:36:26,0.11213398
Rider-80,14:59:07,52.04816667,7.509666667,261,188.904,2287.2192,0,2025-Jun-09 12:36:26,0.108402967
Rider-81,14:59:08,52.04816667,7.509,261,187.052,2293.3152,0,2025-Jun-09 12:36:26,0.107922316
Rider-82,14:59:09,52.048,7.508166667,261,187.052,2299.4112,0,2025-Jun-09 12:36:26,0.108289242
Rider-83,14:59:09,52.048,7.5075,261,187.052,2305.2024,0,2025-Jun-09 12:36:26,0.108865976
Rider-84,14:59:11,52.04783333,7.506666667,261,187.052,2311.2984,0,2025-Jun-09 12:36:26,0.11095047
Rider-85,14:59:12,52.04783333,7.506,261,185.2,2317.3944,0,2025-Jun-09 12:36:26,0.109949827
Rider-86,14:59:13,52.04783333,7.505166667,261,185.2,2323.1856,0,2025-Jun-09 12:36:26,0.109766722
Rider-87,14:59:14,52.04766667,7.5045,261,185.2,2329.2816,0,2025-Jun-09 12:36:27,0.10836339
Rider-88,14:59:15,52.04766667,7.503666667,261,185.2,2335.3776,0,2025-Jun-09 12:36:27,0.109507322
Rider-89,14:59:15,52.0475,7.503,261,185.2,2341.1688,0,2025-Jun-09 12:36:27,0.109792948
Rider-90,14:59:16,52.0475,7.502166667,261,183.348,2347.2648,0,2025-Jun-09 12:36:27,0.108155966
Rider-91,14:59:18,52.04733333,7.5015,261,183.348,2353.3608,0,2025-Jun-09 12:36:27,0.109048843
Rider-92,14:59:18,52.04733333,7.500666667,261,183.348,2359.152,0,2025-Jun-09 12:36:27,0.110863209
Rider-93,14:59:19,52.04733333,7.5,261,183.348,2364.3336,0,2025-Jun-09 12:36:27,0.110885143
Rider-94,14:59:20,52.04716667,7.499333333,261,183.348,2370.4296,0,2025-Jun-09 12:36:27,0.109206438
Rider-95,14:59:22,52.04716667,7.4985,261,181.496,2376.2208,0,2025-Jun-09 12:36:27,0.111526012
Rider-96,14:59:22,52.047,7.497833333,261,181.496,2381.4024,0,2025-Jun-09 12:36:28,0.111258268
Rider-97,14:59:23,52.047,7.497,261,181.496,2387.1936,0,2025-Jun-09 12:36:28,0.11204505
Rider-98,14:59:25,52.047,7.496333333,261,181.496,2393.2896,0,2025-Jun-09 12:36:28,0.112033367
Rider-99,14:59:25,52.04683333,7.495666667,261,181.496,2398.1664,0,2025-Jun-09 12:36:28,0.110047102
Rider-100,14:59:27,52.04683333,7.494833333,262,181.496,2404.2624,0,2025-Jun-09 12:36:28,0.111956358
Rider-101,14:59:27,52.04683333,7.494166667,262,181.496,2409.444,0,2025-Jun-09 12:36:28,0.109045506
Rider-102,14:59:28,52.04666667,7.4935,262,181.496,2415.2352,0,2025-Jun-09 12:36:28,0
Rider-103,14:59:29,52.04666667,7.492666667,262,181.496,2420.4168,0,2025-Jun-09 12:36:29,1.11343956
Rider-104,14:59:30,52.0465,7.492,262,181.496,2426.208,0,2025-Jun-09 12:36:29,0.109165192
Rider-105,14:59:31,52.0465,7.491166667,262,183.348,2432.304,0,2025-Jun-09 12:36:29,0.111411095
Rider-106,14:59:32,52.0465,7.4905,262,183.348,2437.1808,0,2025-Jun-09 12:36:30,0.10900259
Rider-107,14:59:33,52.04633333,7.489666667,262,183.348,2443.2768,0,2025-Jun-09 12:36:30,0.108374596
Rider-108,14:59:34,52.04633333,7.489,262,183.348,2448.4584,0,2025-Jun-09 12:36:30,0.111050129
Rider-109,14:57:40,52.056,7.582666667,262,211.128,1833.372,0,2025-Jun-09 12:39:13,0
Rider-110,14:57:42,52.056,7.581833333,262,212.98,1837.3344,0,2025-Jun-09 12:39:14,0.108026981
Rider-111,14:57:42,52.05583333,7.581,262,212.98,1840.3824,0,2025-Jun-09 12:39:14,0.111756325
Rider-112,14:57:43,52.05583333,7.58,262,214.832,1844.3448,0,2025-Jun-09 12:39:14,0.111349821
Rider-113,14:57:44,52.05566667,7.579166667,262,214.832,1847.088,0,2025-Jun-09 12:39:14,0.11073494
Rider-114,14:57:45,52.05566667,7.578333333,262,214.832,1850.136,0,2025-Jun-09 12:39:14,0.11103487
Rider-115,14:57:46,52.05566667,7.5775,262,216.684,1854.0984,0,2025-Jun-09 12:39:14,0.111490965
Rider-116,14:57:47,52.0555,7.5765,262,216.684,1857.1464,0,2025-Jun-09 12:39:14,0.110648632
Rider-117,14:57:48,52.0555,7.575666667,262,216.684,1860.1944,0,2025-Jun-09 12:39:14,0.110097408
Rider-118,14:57:49,52.05533333,7.574833333,262,218.536,1864.1568,0,2025-Jun-09 12:39:14,0.110955954
Rider-119,14:57:50,52.05533333,7.574,261,218.536,1867.2048,0,2025-Jun-09 12:39:15,0.111962318
Rider-120,14:57:52,52.05516667,7.573,261,218.536,1871.1672,0,2025-Jun-09 12:39:15,0.11032486
Rider-121,14:57:52,52.05516667,7.572166667,261,218.536,1874.2152,0,2025-Jun-09 12:39:15,0.111261129
Rider-122,14:57:54,52.055,7.571333333,261,218.536,1878.1776,0,2025-Jun-09 12:39:15,0.111128569
Rider-123,14:57:55,52.055,7.5705,260,218.536,1881.2256,0,2025-Jun-09 12:39:15,0.111334324
Rider-124,14:57:56,52.05483333,7.5695,260,220.388,1885.188,0,2025-Jun-09 12:39:15,0.111892223
Rider-125,14:57:57,52.05483333,7.568666667,260,220.388,1888.236,0,2025-Jun-09 12:39:15,0.111202002
Rider-126,14:57:58,52.05466667,7.567833333,260,220.388,1892.1984,0,2025-Jun-09 12:39:15,0.111385107
Rider-127,14:57:59,52.05466667,7.566833333,260,220.388,1895.2464,0,2025-Jun-09 12:39:15,0.111572981
Rider-128,14:58:00,52.0545,7.566,259,220.388,1899.2088,0,2025-Jun-09 12:39:16,0.111100197
Rider-129,14:58:01,52.0545,7.565166667,259,220.388,1902.2568,0,2025-Jun-09 12:39:16,0.111968994
Rider-130,14:58:02,52.05433333,7.564166667,259,222.24,1906.2192,0,2025-Jun-09 12:39:16,0.110692739
Rider-131,14:58:03,52.05416667,7.563333333,259,222.24,1910.1816,0,2025-Jun-09 12:39:16,0.110239983
Rider-132,14:58:04,52.05416667,7.5625,259,222.24,1913.2296,0,2025-Jun-09 12:39:16,0.110693216
Rider-133,14:58:04,52.054,7.5615,259,222.24,1917.192,0,2025-Jun-09 12:39:16,0.111362696
Rider-134,14:58:06,52.05383333,7.560666667,259,222.24,1921.1544,0,2025-Jun-09 12:39:16,0
Rider-135,14:58:07,52.05383333,7.559833333,259,222.24,1925.1168,0,2025-Jun-09 12:39:17,1.123558044
Rider-136,14:58:08,52.05366667,7.558833333,259,222.24,1928.1648,0,2025-Jun-09 12:39:17,0.111453533
Rider-137,14:58:09,52.05366667,7.558,259,224.092,1932.1272,0,2025-Jun-09 12:39:17,0.111175776
Rider-138,14:58:10,52.0535,7.557166667,258,224.092,1936.3944,0,2025-Jun-09 12:39:18,0.1117661
Rider-139,14:58:10,52.05333333,7.556166667,258,224.092,1939.1376,0,2025-Jun-09 12:39:18,0.111962557
Rider-140,14:58:11,52.05333333,7.555333333,258,225.944,1943.1,0,2025-Jun-09 12:39:18,0.111353636
Rider-141,14:58:13,52.05316667,7.5545,258,225.944,1947.3672,0,2025-Jun-09 12:39:18,0.110576391
Rider-142,14:58:14,52.053,7.5535,258,225.944,1951.3296,0,2025-Jun-09 12:39:18,0.111137867
Rider-143,14:58:15,52.053,7.552666667,258,225.944,1955.292,0,2025-Jun-09 12:39:18,0.111183167
Rider-144,14:58:16,52.05283333,7.551666667,258,225.944,1959.2544,0,2025-Jun-09 12:39:18,0.110813618
Rider-145,14:58:17,52.05266667,7.550833333,258,225.944,1963.2168,0,2025-Jun-09 12:39:18,0.111155272
Rider-146,14:58:18,52.05266667,7.55,258,225.944,1967.1792,0,2025-Jun-09 12:39:18,0.111022234
Rider-147,14:58:19,52.0525,7.549,258,225.944,1972.3608,0,2025-Jun-09 12:39:19,0.110851288
Rider-148,14:58:20,52.05233333,7.548166667,258,224.092,1978.152,0,2025-Jun-09 12:39:19,0.112011671
Rider-149,14:58:20,52.05233333,7.547166667,258,224.092,1984.248,0,2025-Jun-09 12:39:19,0.111160755
Rider-150,14:58:22,52.05216667,7.546333333,258,224.092,1991.2584,0,2025-Jun-09 12:39:19,0.11110878
Rider-151,14:58:23,52.052,7.5455,258,222.24,1998.2688,0,2025-Jun-09 12:39:19,0.110630274
Rider-152,14:58:24,52.052,7.5445,258,220.388,2005.2792,0,2025-Jun-09 12:39:19,0.111922026
Rider-153,14:58:25,52.05183333,7.543666667,258,220.388,2012.2896,0,2025-Jun-09 12:39:19,0.111488819
Rider-154,14:58:26,52.05166667,7.542833333,258,218.536,2019.3,0,2025-Jun-09 12:39:19,0.111043215
Rider-155,14:58:27,52.05166667,7.542,258,218.536,2026.3104,0,2025-Jun-09 12:39:19,0.111216784
Rider-156,14:58:28,52.0515,7.541,258,216.684,2032.4064,0,2025-Jun-09 12:39:20,0.111427784
Rider-157,14:58:29,52.05133333,7.540166667,259,216.684,2039.112,0,2025-Jun-09 12:39:20,0.111110687
Rider-158,14:58:30,52.05133333,7.539333333,259,214.832,2046.1224,0,2025-Jun-09 12:39:20,0.111054897
Rider-159,14:58:30,52.05116667,7.5385,259,214.832,2053.1328,0,2025-Jun-09 12:39:20,0.110952854
Rider-160,14:58:32,52.05116667,7.537666667,259,212.98,2061.3624,0,2025-Jun-09 12:39:20,0
Rider-161,14:58:38,52.0505,7.532666667,259,207.424,2103.12,0,2025-Jun-09 12:39:21,1.123546124
Rider-162,14:58:38,52.0505,7.531833333,259,207.424,2110.1304,0,2025-Jun-09 12:39:21,0.110970259
Rider-163,14:58:39,52.05033333,7.531,259,205.572,2116.2264,0,2025-Jun-09 12:39:21,0.111346722
Rider-164,14:58:40,52.05033333,7.530166667,259,205.572,2123.2368,0,2025-Jun-09 12:39:21,0.111449718
Rider-165,14:58:42,52.05016667,7.529333333,260,203.72,2130.2472,0,2025-Jun-09 12:39:21,0.110971928
Rider-166,14:58:43,52.05,7.5285,260,203.72,2136.3432,0,2025-Jun-09 12:39:22,0.111588478
Rider-167,14:58:44,52.05,7.527666667,260,201.868,2143.3536,0,2025-Jun-09 12:39:22,0.110884905
Rider-168,14:58:45,52.04983333,7.526833333,260,201.868,2150.364,0,2025-Jun-09 12:39:22,0.111530542
Rider-169,14:58:46,52.04983333,7.526,260,201.868,2156.1552,0,2025-Jun-09 12:39:22,0.110916615
Rider-170,14:58:47,52.04966667,7.525333333,260,200.016,2163.1656,0,2025-Jun-09 12:39:22,0.111088991
Rider-171,14:58:47,52.04966667,7.5245,260,200.016,2169.2616,0,2025-Jun-09 12:39:22,0.111434937
Rider-172,14:58:48,52.0495,7.523666667,260,198.164,2175.3576,0,2025-Jun-09 12:39:22,0.110496998
Rider-173,14:58:49,52.0495,7.522833333,260,198.164,2182.368,0,2025-Jun-09 12:39:22,0.111616135
Rider-174,14:58:50,52.04933333,7.522,260,198.164,2188.1592,0,2025-Jun-09 12:39:22,0.110515833
Rider-175,14:58:52,52.04933333,7.521333333,260,196.312,2194.2552,0,2025-Jun-09 12:39:23,0.112016201
Rider-176,14:58:52,52.04933333,7.5205,260,196.312,2201.2656,0,2025-Jun-09 12:39:23,0.110267639
Rider-177,14:58:53,52.04916667,7.519666667,260,194.46,2207.3616,0,2025-Jun-09 12:39:23,0.110632896
Rider-178,14:58:54,52.04916667,7.519,260,194.46,2213.1528,0,2025-Jun-09 12:39:23,0.11077261
Rider-179,14:58:56,52.049,7.518166667,260,194.46,2219.2488,0,2025-Jun-09 12:39:23,0.110511303
Rider-180,14:58:56,52.049,7.517333333,260,192.608,2226.2592,0,2025-Jun-09 12:39:23,0.111456156
Rider-181,14:58:58,52.04883333,7.516666667,260,192.608,2232.3552,0,2025-Jun-09 12:39:23,0.110868216
Rider-182,14:58:58,52.04883333,7.515833333,260,192.608,2238.1464,0,2025-Jun-09 12:39:23,0.11023283
Rider-183,14:58:59,52.04866667,7.515,260,192.608,2244.2424,0,2025-Jun-09 12:39:23,0.109677076
Rider-184,14:59:00,52.04866667,7.514333333,260,190.756,2251.2528,0,2025-Jun-09 12:39:24,0.111130476
Rider-185,14:59:02,52.0485,7.5135,260,190.756,2257.3488,0,2025-Jun-09 12:39:24,0.111280918
Rider-186,14:59:03,52.0485,7.512666667,261,190.756,2263.14,0,2025-Jun-09 12:39:24,0
Rider-187,14:59:04,52.04833333,7.512,261,190.756,2269.236,0,2025-Jun-09 12:39:25,1.127309084
Rider-188,14:59:04,52.04833333,7.511166667,261,188.904,2275.332,0,2025-Jun-09 12:39:25,0.111533403
Rider-189,14:59:06,52.04833333,7.5105,261,188.904,2281.428,0,2025-Jun-09 12:39:25,0.110387802
Rider-190,14:59:07,52.04816667,7.509666667,261,188.904,2287.2192,0,2025-Jun-09 12:39:25,0.110339642
Rider-191,14:59:08,52.04816667,7.509,261,187.052,2293.3152,0,2025-Jun-09 12:39:25,0.110665321
Rider-192,14:59:09,52.048,7.508166667,261,187.052,2299.4112,0,2025-Jun-09 12:39:25,0.111596584
Rider-193,14:59:09,52.048,7.5075,261,187.052,2305.2024,0,2025-Jun-09 12:39:25,0.111073017
Rider-194,14:59:11,52.04783333,7.506666667,261,187.052,2311.2984,0,2025-Jun-09 12:39:26,0.111600637
Rider-195,14:59:12,52.04783333,7.506,261,185.2,2317.3944,0,2025-Jun-09 12:39:26,0.110200882
Rider-196,14:59:13,52.04783333,7.505166667,261,185.2,2323.1856,0,2025-Jun-09 12:39:26,0.111100912
Rider-197,14:59:14,52.04766667,7.5045,261,185.2,2329.2816,0,2025-Jun-09 12:39:26,0.111510754
Rider-198,14:59:15,52.04766667,7.503666667,261,185.2,2335.3776,0,2025-Jun-09 12:39:26,0.111300945
Rider-199,14:59:15,52.0475,7.503,261,185.2,2341.1688,0,2025-Jun-09 12:39:26,0.110886335
Rider-200,14:59:16,52.0475,7.502166667,261,183.348,2347.2648,0,2025-Jun-09 12:39:26,0.11128664
Rider-201,14:59:18,52.04733333,7.5015,261,183.348,2353.3608,0,2025-Jun-09 12:39:26,0.110606194
Rider-202,14:59:18,52.04733333,7.500666667,261,183.348,2359.152,0,2025-Jun-09 12:39:26,0.110602379
Rider-203,14:59:19,52.04733333,7.5,261,183.348,2364.3336,0,2025-Jun-09 12:39:27,0.110326529
Rider-204,14:59:20,52.04716667,7.499333333,261,183.348,2370.4296,0,2025-Jun-09 12:39:27,0.111007214
Rider-205,14:59:22,52.04716667,7.4985,261,181.496,2376.2208,0,2025-Jun-09 12:39:27,0.111629248
Rider-206,14:59:22,52.047,7.497833333,261,181.496,2381.4024,0,2025-Jun-09 12:39:27,0.111488104
Rider-207,14:59:23,52.047,7.497,261,181.496,2387.1936,0,2025-Jun-09 12:39:27,0.111289024
Rider-208,14:59:25,52.047,7.496333333,261,181.496,2393.2896,0,2025-Jun-09 12:39:27,0.111364603
Rider-209,14:59:25,52.04683333,7.495666667,261,181.496,2398.1664,0,2025-Jun-09 12:39:27,0.111772299
Rider-210,14:59:27,52.04683333,7.494833333,262,181.496,2404.2624,0,2025-Jun-09 12:39:27,0.111407042
Rider-211,14:59:27,52.04683333,7.494166667,262,181.496,2409.444,0,2025-Jun-09 12:39:27,0.110503912
Rider-212,14:59:28,52.04666667,7.4935,262,181.496,2415.2352,0,2025-Jun-09 12:39:27,0
Rider-213,14:59:29,52.04666667,7.492666667,262,181.496,2420.4168,0,2025-Jun-09 12:39:29,1.113281965
Rider-214,14:59:30,52.0465,7.492,262,181.496,2426.208,0,2025-Jun-09 12:39:29,0.111179829
Rider-215,14:59:31,52.0465,7.491166667,262,183.348,2432.304,0,2025-Jun-09 12:39:29,0.111341953
Rider-216,14:59:32,52.0465,7.4905,262,183.348,2437.1808,0,2025-Jun-09 12:39:29,0.111088753
Rider-217,14:59:33,52.04633333,7.489666667,262,183.348,2443.2768,0,2025-Jun-09 12:39:29,0.110823154
Rider-218,14:59:34,52.04633333,7.489,262,183.348,2448.4584,0,2025-Jun-09 12:39:29,0.111193657
Rider-219,14:59:35,52.04616667,7.488333333,262,185.2,2453.3352,0,2025-Jun-09 12:39:29,0.111886978
Rider-220,14:59:36,52.04616667,7.4875,262,185.2,2459.4312,0,2025-Jun-09 12:39:29,0.110958576
Rider-221,14:59:37,52.04616667,7.486833333,262,185.2,2464.308,0,2025-Jun-09 12:39:29,0.11021328
Rider-222,14:59:38,52.046,7.486,262,185.2,2470.404,0,2025-Jun-09 12:39:30,0.111502886
Rider-223,14:59:39,52.046,7.485333333,262,187.052,2476.1952,0,2025-Jun-09 12:39:30,0.111067057
Rider-224,14:59:41,52.046,7.4845,262,187.052,2481.3768,0,2025-Jun-09 12:39:30,0.110228777
Rider-225,14:59:41,52.04583333,7.483833333,262,187.052,2487.168,0,2025-Jun-09 12:39:30,0.111129045
Rider-226,14:59:42,52.04583333,7.483,262,187.052,2493.264,0,2025-Jun-09 12:39:30,0.110861063
Rider-227,14:59:44,52.04566667,7.482333333,262,187.052,2499.36,0,2025-Jun-09 12:39:30,0.110578775
Rider-228,14:59:45,52.04566667,7.4815,262,188.904,2504.2368,0,2025-Jun-09 12:39:30,0.110833168
Rider-229,14:59:45,52.04566667,7.480666667,262,188.904,2510.3328,0,2025-Jun-09 12:39:30,0.110877037
Rider-230,14:59:46,52.0455,7.48,262,188.904,2515.2096,0,2025-Jun-09 12:39:30,0.111049414
Rider-231,14:59:47,52.0455,7.479166667,262,188.904,2520.3912,0,2025-Jun-09 12:39:31,0.110118151
Rider-232,14:59:49,52.04533333,7.4785,262,190.756,2526.1824,0,2025-Jun-09 12:39:31,0.110958815
Rider-233,14:59:49,52.04533333,7.477666667,262,190.756,2531.364,0,2025-Jun-09 12:39:31,0.110461712
Rider-234,14:59:50,52.04533333,7.477,262,190.756,2537.46,0,2025-Jun-09 12:39:31,0.110407114
Rider-235,14:59:51,52.04516667,7.476166667,262,190.756,2542.3368,0,2025-Jun-09 12:39:31,0.110823631
Rider-236,14:59:53,52.04516667,7.475333333,262,190.756,2548.4328,0,2025-Jun-09 12:39:31,0.109872341
Rider-237,14:59:54,52.045,7.474666667,262,192.608,2554.224,0,2025-Jun-09 12:39:31,0.110781431
Rider-238,14:59:54,52.045,7.473833333,262,192.608,2559.4056,0,2025-Jun-09 12:39:31,0
Rider-239,14:59:55,52.045,7.473,262,192.608,2565.1968,0,2025-Jun-09 12:39:32,1.123470306
Rider-240,14:59:56,52.04483333,7.472333333,262,192.608,2570.3784,0,2025-Jun-09 12:39:33,0.110316277
Rider-241,14:59:57,52.04483333,7.4715,261,192.608,2576.4744,0,2025-Jun-09 12:39:33,0.110593557
Rider-242,14:59:58,52.04466667,7.470666667,261,194.46,2582.2656,0,2025-Jun-09 12:39:33,0.110286951
Rider-243,15:00:00,52.04466667,7.47,261,194.46,2587.4472,0,2025-Jun-09 12:39:33,0.110196114
Rider-244,15:00:01,52.04466667,7.469166667,261,194.46,2593.2384,0,2025-Jun-09 12:39:33,0.110712767
Rider-245,15:00:02,52.0445,7.468333333,261,194.46,2598.42,0,2025-Jun-09 12:39:33,0.110321283
Rider-246,15:00:03,52.0445,7.467666667,261,194.46,2604.2112,0,2025-Jun-09 12:39:33,0.110937834
Rider-247,15:00:04,52.04433333,7.466833333,261,196.312,2610.3072,0,2025-Jun-09 12:39:33,0.110198975
Rider-248,15:00:05,52.04433333,7.466,261,196.312,2615.184,0,2025-Jun-09 12:39:33,0.111502647
Rider-249,15:00:06,52.04433333,7.465166667,261,196.312,2621.28,0,2025-Jun-09 12:39:33,0.110660553
Rider-250,15:00:06,52.04416667,7.4645,261,196.312,2626.4616,0,2025-Jun-09 12:39:34,0.110638857
Rider-251,15:00:07,52.04416667,7.463666667,261,196.312,2632.2528,0,2025-Jun-09 12:39:34,0.110388279
Rider-252,15:00:08,52.044,7.462833333,261,196.312,2637.4344,0,2025-Jun-09 12:39:34,0.111142635
Rider-253,15:00:09,52.044,7.462,261,198.164,2643.2256,0,2025-Jun-09 12:39:34,0.11092186
Rider-254,15:00:11,52.04383333,7.461333333,261,198.164,2648.4072,0,2025-Jun-09 12:39:34,0.111282587
Rider-255,15:00:11,52.04383333,7.4605,262,198.164,2654.1984,0,2025-Jun-09 12:39:34,0.111427784
Rider-256,15:00:13,52.04383333,7.459666667,262,198.164,2659.38,0,2025-Jun-09 12:39:34,0.111209154
Rider-257,15:00:14,52.04366667,7.458833333,262,198.164,2665.476,0,2025-Jun-09 12:39:34,0.111625433
Rider-258,15:00:15,52.04366667,7.458,262,198.164,2670.3528,0,2025-Jun-09 12:39:34,0.111292839
Rider-259,15:00:16,52.0435,7.457333333,262,198.164,2676.4488,0,2025-Jun-09 12:39:35,0.111050129
Rider-260,15:00:17,52.0435,7.4565,262,198.164,2681.3256,0,2025-Jun-09 12:39:35,0.110189676
Rider-261,15:00:18,52.0435,7.455666667,262,198.164,2687.4216,0,2025-Jun-09 12:39:35,0.111173868
Rider-262,15:00:18,52.04333333,7.454833333,262,198.164,2693.2128,0,2025-Jun-09 12:39:35,0.110362053
Rider-263,15:00:19,52.04333333,7.454,262,198.164,2699.3088,0,2025-Jun-09 12:39:35,0.11134696
Rider-264,15:00:21,52.04316667,7.453333333,262,198.164,2705.4048,0,2025-Jun-09 12:39:35,0
Rider-265,15:00:21,52.04316667,7.4525,262,198.164,2711.196,0,2025-Jun-09 12:39:36,1.123443127
Rider-266,15:00:23,52.04316667,7.451666667,262,198.164,2716.3776,0,2025-Jun-09 12:39:36,0.111808777
Rider-267,15:00:24,52.043,7.450833333,262,198.164,2722.4736,0,2025-Jun-09 12:39:36,0.111307859
Rider-268,15:00:24,52.043,7.450166667,262,198.164,2728.2648,0,2025-Jun-09 12:39:37,0.110359669
Rider-269,15:00:26,52.04283333,7.449333333,262,198.164,2733.4464,0,2025-Jun-09 12:39:37,0.109933376
Rider-270,15:00:27,52.04283333,7.4485,262,198.164,2739.2376,0,2025-Jun-09 12:39:37,0.111313581
Rider-271,15:00:28,52.04283333,7.447666667,262,198.164,2745.3336,0,2025-Jun-09 12:39:37,0.110864162
Rider-272,15:00:29,52.04266667,7.446166667,262,196.312,2756.3064,0,2025-Jun-09 12:39:37,0.11107254
Rider-273,15:00:30,52.0425,7.445333333,262,196.312,2762.4024,0,2025-Jun-09 12:39:37,0.111080647
Rider-274,15:00:31,52.0425,7.4445,262,196.312,2768.4984,0,2025-Jun-09 12:39:37,0.110788345
Rider-275,15:00:32,52.0425,7.443666667,262,196.312,2774.2896,0,2025-Jun-09 12:39:37,0.1109128
Rider-276,15:00:33,52.04233333,7.443,262,196.312,2779.4712,0,2025-Jun-09 12:39:37,0.111031771
Rider-277,15:00:34,52.04233333,7.442166667,262,196.312,2785.2624,0,2025-Jun-09 12:39:38,0.111114025
Rider-278,15:00:37,52.04216667,7.4405,263,196.312,2797.4544,0,2025-Jun-09 12:39:38,0.111293316
Rider-279,15:00:39,52.04216667,7.439,263,194.46,2809.3416,0,2025-Jun-09 12:39:38,0.111357927
Rider-280,15:00:40,52.042,7.438166667,263,194.46,2815.4376,0,2025-Jun-09 12:39:38,0.111637831
Rider-281,15:00:41,52.042,7.437333333,263,194.46,2821.2288,0,2025-Jun-09 12:39:38,0.110571146
Rider-282,15:00:42,52.042,7.436666667,263,194.46,2827.3248,0,2025-Jun-09 12:39:38,0.110314608
Rider-283,15:00:42,52.04183333,7.435833333,263,194.46,2833.4208,0,2025-Jun-09 12:39:38,0.110297203
Rider-284,15:00:43,52.04183333,7.435,263,194.46,2839.212,0,2025-Jun-09 12:39:38,0.110835552
Rider-285,15:00:44,52.04183333,7.434333333,263,194.46,2845.308,0,2025-Jun-09 12:39:38,0.109948397
Rider-286,15:00:45,52.04166667,7.4335,263,192.608,2851.404,0,2025-Jun-09 12:39:39,0.110459805
Rider-287,15:00:46,52.04166667,7.432666667,263,192.608,2857.5,0,2025-Jun-09 12:39:39,0.111397505
Rider-288,15:00:47,52.04166667,7.432,263,192.608,2863.2912,0,2025-Jun-09 12:39:39,0.111090183
Rider-289,15:00:48,52.0415,7.431166667,263,192.608,2869.3872,0,2025-Jun-09 12:39:39,0.110965967
Rider-290,15:00:49,52.0415,7.430333333,263,192.608,2875.4832,0,2025-Jun-09 12:39:39,0
Rider-291,15:00:50,52.0415,7.429666667,263,190.756,2880.36,0,2025-Jun-09 12:39:40,1.124383688
Rider-292,15:00:54,52.04133333,7.4265,264,190.756,2903.22,0,2025-Jun-09 12:39:40,0.111195087
Rider-293,15:00:55,52.04116667,7.425666667,264,190.756,2909.316,0,2025-Jun-09 12:39:40,0.111429691
Rider-294,15:00:56,52.04116667,7.425,264,190.756,2915.412,0,2025-Jun-09 12:39:40,0.110791922
Rider-295,15:00:57,52.04116667,7.424166667,264,190.756,2921.508,0,2025-Jun-09 12:39:40,0.109485149
Rider-296,15:00:59,52.041,7.422666667,264,188.904,2932.4808,0,2025-Jun-09 12:39:41,0.111272097
Rider-297,15:01:00,52.041,7.421833333,264,188.904,2938.272,0,2025-Jun-09 12:39:41,0.111030102
Rider-298,15:01:01,52.041,7.421166667,264,188.904,2944.368,0,2025-Jun-09 12:39:41,0.111315966
Rider-299,15:01:02,52.04083333,7.420333333,264,188.904,2950.464,0,2025-Jun-09 12:39:41,0.111336231
Rider-300,15:01:03,52.04083333,7.419666667,264,188.904,2956.2552,0,2025-Jun-09 12:39:41,0.111072063
Rider-301,15:01:04,52.04083333,7.418833333,264,188.904,2962.3512,0,2025-Jun-09 12:39:41,0.111062288
Rider-302,15:01:05,52.04083333,7.418166667,263,187.052,2968.4472,0,2025-Jun-09 12:39:41,0.110504627
Rider-303,15:01:06,52.04066667,7.417333333,262,185.2,2973.324,0,2025-Jun-09 12:39:41,0.111649275
Rider-304,15:01:07,52.04066667,7.416666667,260,183.348,2979.42,0,2025-Jun-09 12:39:41,0.111450195
Rider-305,15:01:08,52.0405,7.415833333,259,181.496,2984.2968,0,2025-Jun-09 12:39:42,0.111183167
Rider-306,15:01:10,52.0405,7.415166667,258,181.496,2990.3928,0,2025-Jun-09 12:39:42,0.111532688
Rider-307,15:01:11,52.04033333,7.4145,258,179.644,2996.4888,0,2025-Jun-09 12:39:42,0.111704826
Rider-308,15:01:11,52.04033333,7.413666667,257,179.644,3001.3656,0,2025-Jun-09 12:39:42,0.111166716
Rider-309,15:01:13,52.04016667,7.413,257,177.792,3007.4616,0,2025-Jun-09 12:39:42,0.111294985
Rider-310,15:01:14,52.04,7.412333333,256,177.792,3013.2528,0,2025-Jun-09 12:39:42,0.111629248
Rider-311,15:01:15,52.03983333,7.410833333,255,175.94,3024.5304,0,2025-Jun-09 12:39:42,0.110063076
Rider-312,15:01:16,52.03966667,7.410166667,255,175.94,3029.4072,0,2025-Jun-09 12:39:42,0.11148715
Rider-313,15:01:17,52.03966667,7.4095,254,175.94,3035.5032,0,2025-Jun-09 12:39:42,0.112757683
Rider-314,15:01:18,52.0395,7.408833333,254,174.088,3040.38,0,2025-Jun-09 12:39:43,0.110888481
Rider-315,15:01:19,52.03933333,7.408166667,254,174.088,3046.476,0,2025-Jun-09 12:39:43,0.111550331
Rider-316,15:01:20,52.03933333,7.4075,254,174.088,3051.3528,0,2025-Jun-09 12:39:43,0
Rider-317,15:01:21,52.03916667,7.406833333,253,172.236,3057.4488,0,2025-Jun-09 12:39:44,1.113562822
Rider-318,15:01:22,52.039,7.406166667,253,172.236,3062.3256,0,2025-Jun-09 12:39:44,0.110445023
Rider-319,15:01:23,52.03883333,7.4055,253,172.236,3068.4216,0,2025-Jun-09 12:39:44,0.11115098
Rider-320,15:01:24,52.03883333,7.404833333,253,172.236,3073.2984,0,2025-Jun-09 12:39:44,0.110949516
Rider-321,15:01:25,52.03866667,7.404166667,253,170.384,3078.48,0,2025-Jun-09 12:39:44,0.111201525
Rider-322,15:01:26,52.0385,7.4035,253,170.384,3083.3568,0,2025-Jun-09 12:39:44,0.111237288
Rider-323,15:01:27,52.03833333,7.402833333,252,170.384,3089.4528,0,2025-Jun-09 12:39:44,0.111675978
Rider-324,15:01:28,52.03833333,7.402166667,252,170.384,3094.3296,0,2025-Jun-09 12:39:45,0.11127615
Rider-325,15:01:29,52.03816667,7.4015,252,170.384,3099.5112,0,2025-Jun-09 12:39:45,0.110972166
Rider-326,15:01:30,52.038,7.400833333,252,170.384,3104.388,0,2025-Jun-09 12:39:45,0.110269308
Rider-327,15:01:31,52.03783333,7.400166667,252,170.384,3110.484,0,2025-Jun-09 12:39:45,0.110714912
Rider-328,15:01:32,52.03783333,7.3995,252,170.384,3115.3608,0,2025-Jun-09 12:39:45,0.111071348
Rider-329,15:01:33,52.03766667,7.398833333,252,170.384,3121.4568,0,2025-Jun-09 12:39:45,0.110753059
Rider-330,15:01:34,52.0375,7.398166667,252,170.384,3126.3336,0,2025-Jun-09 12:39:45,0.109973431
Rider-331,15:01:35,52.03733333,7.3975,252,172.236,3131.5152,0,2025-Jun-09 12:39:45,0.110209227
Rider-332,15:01:36,52.03716667,7.396833333,252,172.236,3137.3064,0,2025-Jun-09 12:39:45,0.110708475
Rider-333,15:01:37,52.03716667,7.396166667,252,172.236,3142.488,0,2025-Jun-09 12:39:46,0.11071825
Rider-334,15:01:38,52.037,7.3955,252,174.088,3147.3648,0,2025-Jun-09 12:39:46,0.111413956
Rider-335,15:01:39,52.03683333,7.394833333,251,174.088,3153.4608,0,2025-Jun-09 12:39:46,0.110227823
Rider-336,15:01:40,52.03666667,7.394166667,251,174.088,3158.3376,0,2025-Jun-09 12:39:46,0.111120939
Rider-337,15:01:41,52.0365,7.3935,251,175.94,3163.5192,0,2025-Jun-09 12:39:46,0.110526562
Rider-338,15:01:42,52.0365,7.392833333,251,175.94,3168.396,0,2025-Jun-09 12:39:46,0.111114502
Rider-339,15:01:43,52.03633333,7.392166667,251,175.94,3173.2728,0,2025-Jun-09 12:39:46,0.110624075
Rider-340,15:01:44,52.03616667,7.3915,251,175.94,3178.4544,0,2025-Jun-09 12:39:46,0.110183954
Rider-341,15:01:45,52.036,7.390666667,251,177.792,3183.3312,0,2025-Jun-09 12:39:46,0.111143351
Rider-342,15:01:46,52.03583333,7.39,251,177.792,3188.5128,0,2025-Jun-09 12:39:46,0
Rider-343,15:01:47,52.03566667,7.389333333,251,177.792,3193.3896,0,2025-Jun-09 12:39:48,1.124653578
Rider-344,15:01:48,52.03566667,7.388666667,251,179.644,3198.2664,0,2025-Jun-09 12:39:48,0.111986637
Rider-345,15:01:49,52.0355,7.388,251,179.644,3203.448,0,2025-Jun-09 12:39:48,0.111843824
Rider-346,15:01:50,52.03533333,7.387333333,251,179.644,3208.3248,0,2025-Jun-09 12:39:48,0.110967398
Rider-347,15:01:51,52.03516667,7.386666667,252,179.644,3212.2872,0,2025-Jun-09 12:39:48,0.110998631
Rider-348,15:01:52,52.035,7.385833333,252,181.496,3217.4688,0,2025-Jun-09 12:39:48,0.111265659
Rider-349,15:01:53,52.03483333,7.385166667,252,181.496,3222.3456,0,2025-Jun-09 12:39:48,0.111298323
Rider-350,15:01:54,52.03483333,7.3845,252,181.496,3227.5272,0,2025-Jun-09 12:39:48,0.111687183
Rider-351,15:01:55,52.03466667,7.383833333,252,181.496,3231.4896,0,2025-Jun-09 12:39:48,0.11044836
Rider-352,15:01:56,52.0345,7.383,252,183.348,3236.3664,0,2025-Jun-09 12:39:49,0.111514568
Rider-353,15:01:57,52.03433333,7.382333333,252,183.348,3241.548,0,2025-Jun-09 12:39:49,0.111742735
Rider-354,15:01:58,52.03416667,7.381666667,252,183.348,3245.5104,0,2025-Jun-09 12:39:49,0.110935211
Rider-355,15:01:59,52.034,7.381,252,183.348,3250.3872,0,2025-Jun-09 12:39:49,0.111082077
Rider-356,15:02:00,52.034,7.380166667,252,183.348,3255.264,0,2025-Jun-09 12:39:49,0.111595392
Rider-357,15:02:01,52.03383333,7.3795,252,185.2,3259.5312,0,2025-Jun-09 12:39:49,0.11101985
Rider-358,15:02:02,52.03366667,7.378833333,252,185.2,3264.408,0,2025-Jun-09 12:39:49,0.111768246
Rider-359,15:02:03,52.0335,7.378,252,185.2,3268.3704,0,2025-Jun-09 12:39:49,0.111616373
Rider-360,15:02:04,52.03333333,7.377333333,252,185.2,3273.552,0,2025-Jun-09 12:39:49,0.110254288
Rider-361,15:02:05,52.03316667,7.376666667,252,187.052,3277.5144,0,2025-Jun-09 12:39:50,0.112405539
Rider-362,15:02:06,52.03316667,7.375833333,252,187.052,3281.4768,0,2025-Jun-09 12:39:50,0.111492157
Rider-363,15:02:07,52.033,7.375166667,252,187.052,3286.3536,0,2025-Jun-09 12:39:50,0.111547232
Rider-364,15:02:08,52.03283333,7.3745,252,187.052,3290.316,0,2025-Jun-09 12:39:50,0.109981537
Rider-365,15:02:09,52.03266667,7.373666667,253,187.052,3295.4976,0,2025-Jun-09 12:39:50,0.112119436
Rider-366,15:02:10,52.0325,7.373,253,187.052,3299.46,0,2025-Jun-09 12:39:50,0.111173868
Rider-367,15:02:11,52.0325,7.372333333,253,188.904,3304.3368,0,2025-Jun-09 12:39:50,0.110825539
Rider-368,15:02:13,52.03233333,7.3715,253,188.904,3308.2992,0,2025-Jun-09 12:39:50,0
Rider-369,15:02:13,52.03216667,7.370833333,253,188.904,3313.4808,0,2025-Jun-09 12:39:51,1.126280785
Rider-370,15:02:14,52.032,7.37,253,188.904,3317.4432,0,2025-Jun-09 12:39:51,0.111359596
Rider-371,15:02:15,52.03183333,7.369333333,253,188.904,3322.32,0,2025-Jun-09 12:39:52,0.110920191
Rider-372,15:02:16,52.03166667,7.368666667,253,188.904,3326.2824,0,2025-Jun-09 12:39:52,0.111540318
Rider-373,15:02:17,52.03166667,7.367833333,253,188.904,3331.464,0,2025-Jun-09 12:39:52,0.111634731
Rider-374,15:02:18,52.0315,7.367166667,253,188.904,3336.3408,0,2025-Jun-09 12:39:52,0.111141682
Rider-375,15:02:19,52.03133333,7.366333333,253,188.904,3341.5224,0,2025-Jun-09 12:39:52,0.111910105
Rider-376,15:02:20,52.03116667,7.365666667,253,188.904,3345.4848,0,2025-Jun-09 12:39:52,0.110976934
Rider-377,15:02:21,52.031,7.364833333,253,188.904,3350.3616,0,2025-Jun-09 12:39:52,0.11102438
Rider-378,15:02:22,52.031,7.364166667,253,188.904,3355.5432,0,2025-Jun-09 12:39:52,0.111288548
Rider-379,15:02:23,52.03083333,7.3635,253,188.904,3360.42,0,2025-Jun-09 12:39:52,0.110722542
Rider-380,15:02:24,52.03066667,7.362666667,253,188.904,3365.2968,0,2025-Jun-09 12:39:53,0.111510515
Rider-381,15:02:25,52.0305,7.362,253,188.904,3369.564,0,2025-Jun-09 12:39:53,0.110249281
Rider-382,15:02:26,52.03033333,7.361166667,253,188.904,3374.4408,0,2025-Jun-09 12:39:53,0.111201286
Rider-383,15:02:27,52.03033333,7.3605,253,188.904,3379.3176,0,2025-Jun-09 12:39:53,0.110783577
Rider-384,15:02:28,52.03016667,7.359833333,253,188.904,3384.4992,0,2025-Jun-09 12:39:53,0.110459328
Rider-385,15:02:29,52.03,7.359,253,188.904,3389.376,0,2025-Jun-09 12:39:53,0.111234903
Rider-386,15:02:30,52.02983333,7.358333333,253,188.904,3394.5576,0,2025-Jun-09 12:39:53,0.110572338
Rider-387,15:02:31,52.02966667,7.3575,253,188.904,3399.4344,0,2025-Jun-09 12:39:53,0.110443592
Rider-388,15:02:32,52.02966667,7.356833333,253,188.904,3404.3112,0,2025-Jun-09 12:39:53,0.111236811
Rider-389,15:02:33,52.0295,7.356166667,253,187.052,3409.4928,0,2025-Jun-09 12:39:54,0.110675097
Rider-390,15:02:34,52.02933333,7.355333333,253,187.052,3414.3696,0,2025-Jun-09 12:39:54,0.111712933
Rider-391,15:02:35,52.02916667,7.354666667,253,187.052,3418.332,0,2025-Jun-09 12:39:54,0.110309362
Rider-392,15:02:36,52.029,7.353833333,253,187.052,3423.5136,0,2025-Jun-09 12:39:54,0.110848665
Rider-393,15:02:38,52.029,7.353166667,253,187.052,3428.3904,0,2025-Jun-09 12:39:54,0.111516714
Rider-394,15:02:38,52.02883333,7.3525,253,187.052,3433.572,0,2025-Jun-09 12:39:54,0
Rider-395,15:02:39,52.02866667,7.351666667,253,187.052,3438.4488,0,2025-Jun-09 12:39:55,1.126113653
Rider-396,15:02:40,52.0285,7.351,253,187.052,3443.3256,0,2025-Jun-09 12:39:55,0.111523628
Rider-397,15:02:41,52.02833333,7.350166667,253,187.052,3447.288,0,2025-Jun-09 12:39:55,0.11137557
Rider-398,15:02:42,52.02833333,7.3495,253,187.052,3452.4696,0,2025-Jun-09 12:39:55,0.111322165
Rider-399,15:02:44,52.02816667,7.348833333,253,187.052,3457.3464,0,2025-Jun-09 12:39:56,0.110568285
Rider-400,15:02:44,52.028,7.348,253,187.052,3462.528,0,2025-Jun-09 12:39:56,0.110365629
Rider-401,15:02:45,52.02783333,7.347333333,253,185.2,3467.4048,0,2025-Jun-09 12:39:56,0.111019135
Rider-402,15:02:46,52.02783333,7.346666667,253,185.2,3472.5864,0,2025-Jun-09 12:39:56,0.110078335
Rider-403,15:02:47,52.02766667,7.345833333,253,185.2,3476.5488,0,2025-Jun-09 12:39:56,0.110686779
Rider-404,15:02:48,52.0275,7.345166667,253,185.2,3481.4256,0,2025-Jun-09 12:39:56,0.110146523
Rider-405,15:02:49,52.02733333,7.3445,253,185.2,3486.3024,0,2025-Jun-09 12:39:56,0.110520363
Rider-406,15:02:50,52.02716667,7.343666667,253,185.2,3491.484,0,2025-Jun-09 12:39:56,0.110488892
Rider-407,15:02:51,52.02716667,7.343,253,185.2,3496.3608,0,2025-Jun-09 12:39:56,0.110762835
Rider-408,15:02:53,52.027,7.342333333,253,185.2,3500.3232,0,2025-Jun-09 12:39:57,0.110837698
Rider-409,15:02:54,52.02683333,7.3415,253,183.348,3505.5048,0,2025-Jun-09 12:39:57,0.110821009
Rider-410,15:02:54,52.02666667,7.340833333,253,183.348,3510.3816,0,2025-Jun-09 12:39:57,0.1110425
Rider-411,15:02:56,52.02666667,7.340166667,253,183.348,3515.5632,0,2025-Jun-09 12:39:57,0.11084795
Rider-412,15:02:56,52.0265,7.339333333,253,183.348,3520.44,0,2025-Jun-09 12:39:57,0.110542536
Rider-413,15:02:57,52.02633333,7.338666667,253,185.2,3525.3168,0,2025-Jun-09 12:39:57,0.111459017
Rider-414,15:02:59,52.02616667,7.338,253,185.2,3530.4984,0,2025-Jun-09 12:39:57,0.110798597
Rider-415,15:03:00,52.02616667,7.337166667,253,185.2,3535.3752,0,2025-Jun-09 12:39:57,0.111798525
Rider-416,15:03:01,52.026,7.3365,253,185.2,3540.5568,0,2025-Jun-09 12:39:57,0.11178875
Rider-417,15:03:02,52.02583333,7.335833333,253,185.2,3545.4336,0,2025-Jun-09 12:39:58,0.110407591
Rider-418,15:03:03,52.02566667,7.335,253,185.2,3550.3104,0,2025-Jun-09 12:39:58,0.110457659
Rider-419,15:03:03,52.0255,7.334333333,253,185.2,3555.492,0,2025-Jun-09 12:39:58,0.111067772
Rider-420,15:03:04,52.0255,7.333666667,253,185.2,3560.3688,0,2025-Jun-09 12:39:58,0
Rider-421,15:03:06,52.02533333,7.332833333,253,187.052,3565.5504,0,2025-Jun-09 12:39:59,1.126195431
Rider-422,15:03:06,52.02516667,7.332166667,253,187.052,3570.4272,0,2025-Jun-09 12:39:59,0.111411572
Rider-423,15:03:07,52.025,7.3315,253,187.052,3575.304,0,2025-Jun-09 12:39:59,0.110841751
Rider-424,15:03:08,52.02483333,7.330666667,253,187.052,3580.4856,0,2025-Jun-09 12:39:59,0.111274958
Rider-425,15:03:09,52.02466667,7.33,253,187.052,3585.3624,0,2025-Jun-09 12:39:59,0.111202717
Rider-426,15:03:10,52.02466667,7.329166667,253,187.052,3590.544,0,2025-Jun-09 12:39:59,0.110304117
Rider-427,15:03:12,52.0245,7.3285,253,187.052,3594.5064,0,2025-Jun-09 12:40:00,0.110836744
Rider-428,15:03:13,52.02433333,7.327833333,253,187.052,3599.3832,0,2025-Jun-09 12:40:00,0.111660004
Rider-429,15:03:14,52.02416667,7.327,253,188.904,3604.5648,0,2025-Jun-09 12:40:00,0.110392094
Rider-430,15:03:15,52.024,7.326333333,253,188.904,3609.4416,0,2025-Jun-09 12:40:00,0.110609531
Rider-431,15:03:16,52.024,7.3255,253,188.904,3615.5376,0,2025-Jun-09 12:40:00,0.111352682
Rider-432,15:03:17,52.02383333,7.324833333,253,188.904,3620.4144,0,2025-Jun-09 12:40:00,0.110204935
Rider-433,15:03:18,52.02366667,7.324166667,253,188.904,3625.596,0,2025-Jun-09 12:40:00,0.110919714
Rider-434,15:03:18,52.0235,7.323333333,253,188.904,3630.4728,0,2025-Jun-09 12:40:00,0.111391068
Rider-435,15:03:19,52.02333333,7.322666667,253,188.904,3635.3496,0,2025-Jun-09 12:40:00,0.111300468
Rider-436,15:03:20,52.02333333,7.322,253,188.904,3640.5312,0,2025-Jun-09 12:40:01,0.111303568
Rider-437,15:03:22,52.02316667,7.321166667,253,188.904,3645.408,0,2025-Jun-09 12:40:01,0.110976458
Rider-438,15:03:22,52.023,7.3205,253,188.904,3650.5896,0,2025-Jun-09 12:40:01,0.112864017
Rider-439,15:03:24,52.02283333,7.319666667,253,188.904,3654.552,0,2025-Jun-09 12:40:01,0.109385252
Rider-440,15:03:25,52.02266667,7.319,253,188.904,3659.4288,0,2025-Jun-09 12:40:01,0.110175133
Rider-441,15:03:26,52.0225,7.318166667,253,188.904,3664.6104,0,2025-Jun-09 12:40:01,0.109804153
Rider-442,15:03:27,52.0225,7.3175,253,188.904,3669.4872,0,2025-Jun-09 12:40:01,0.110592365
Rider-443,15:03:28,52.02233333,7.316833333,253,188.904,3674.364,0,2025-Jun-09 12:40:01,0.110560179
Rider-444,15:03:28,52.02216667,7.316,253,188.904,3679.5456,0,2025-Jun-09 12:40:01,0.111210823
Rider-445,15:03:30,52.022,7.315333333,253,188.904,3684.4224,0,2025-Jun-09 12:40:02,0.110640049
Rider-446,15:03:30,52.02183333,7.3145,253,188.904,3689.604,0,2025-Jun-09 12:40:02,0
Rider-447,15:03:31,52.02183333,7.313833333,253,188.904,3693.5664,0,2025-Jun-09 12:40:03,1.124546051
Rider-448,15:03:32,52.02166667,7.313166667,253,188.904,3698.4432,0,2025-Jun-09 12:40:03,0.110668421
Rider-449,15:03:33,52.0215,7.312333333,253,188.904,3703.32,0,2025-Jun-09 12:40:03,0.111130714
Rider-450,15:03:35,52.02133333,7.311666667,253,188.904,3708.5016,0,2025-Jun-09 12:40:03,0.11012125
Rider-451,15:03:35,52.02116667,7.310833333,253,188.904,3713.3784,0,2025-Jun-09 12:40:03,0.11096096
Rider-452,15:03:37,52.02116667,7.310166667,253,188.904,3718.56,0,2025-Jun-09 12:40:03,0.109163046
Rider-453,15:03:38,52.021,7.3095,253,188.904,3723.4368,0,2025-Jun-09 12:40:03,0.111479521
Rider-454,15:03:39,52.02083333,7.308666667,253,187.052,3728.6184,0,2025-Jun-09 12:40:03,0.110848665
Rider-455,15:03:40,52.02066667,7.308,253,187.052,3733.4952,0,2025-Jun-09 12:40:04,0.110646963
Rider-456,15:03:40,52.0205,7.307166667,253,187.052,3738.372,0,2025-Jun-09 12:40:04,0.108842611
Rider-457,15:03:42,52.0205,7.3065,253,187.052,3743.5536,0,2025-Jun-09 12:40:04,0.115860701
Rider-458,15:03:42,52.02033333,7.305833333,254,187.052,3747.516,0,2025-Jun-09 12:40:04,0.107155323
Rider-459,15:03:43,52.02016667,7.305,254,187.052,3752.3928,0,2025-Jun-09 12:40:04,0.113098621
Rider-460,15:03:44,52.02,7.304333333,254,187.052,3757.5744,0,2025-Jun-09 12:40:04,0.108180523
Rider-461,15:03:45,52.02,7.3035,254,187.052,3762.4512,0,2025-Jun-09 12:40:04,0.110398531
Rider-462,15:03:46,52.01983333,7.302833333,254,187.052,3766.4136,0,2025-Jun-09 12:40:04,0.114971399
Rider-463,15:03:47,52.01966667,7.302166667,254,187.052,3771.5952,0,2025-Jun-09 12:40:04,0.104099989
Rider-464,15:03:48,52.0195,7.301333333,254,187.052,3776.472,0,2025-Jun-09 12:40:05,0.110510111
Rider-465,15:03:49,52.0195,7.300666667,254,187.052,3781.3488,0,2025-Jun-09 12:40:05,0.110727072
Rider-466,15:03:50,52.01933333,7.3,254,185.2,3786.5304,0,2025-Jun-09 12:40:05,0.110773802
Rider-467,15:03:51,52.01916667,7.299166667,254,185.2,3790.4928,0,2025-Jun-09 12:40:05,0.109794855
Rider-468,15:03:53,52.019,7.2985,254,185.2,3795.3696,0,2025-Jun-09 12:40:05,0.110025406
Rider-469,15:03:53,52.019,7.297666667,254,185.2,3800.5512,0,2025-Jun-09 12:40:05,0.110490084
Rider-470,15:03:54,52.01883333,7.297,254,185.2,3805.428,0,2025-Jun-09 12:40:05,0.110531092
Rider-471,15:03:55,52.01866667,7.296333333,254,185.2,3809.3904,0,2025-Jun-09 12:40:05,0.110980034
Rider-472,15:03:56,52.0185,7.2955,254,185.2,3814.572,0,2025-Jun-09 12:40:05,0
Rider-473,15:03:58,52.0185,7.294833333,254,185.2,3818.5344,0,2025-Jun-09 12:40:06,1.125865936
Rider-474,15:03:58,52.01833333,7.294166667,254,185.2,3823.4112,0,2025-Jun-09 12:40:07,0.111099958
Rider-475,15:03:59,52.01816667,7.293333333,254,185.2,3827.3736,0,2025-Jun-09 12:40:07,0.111042261
Rider-476,15:04:00,52.018,7.292666667,254,183.348,3832.5552,0,2025-Jun-09 12:40:07,0.111469269
Rider-477,15:04:01,52.018,7.292,254,183.348,3837.432,0,2025-Jun-09 12:40:07,0.110409975
Rider-478,15:04:02,52.01783333,7.291166667,254,183.348,3841.3944,0,2025-Jun-09 12:40:07,0.111057281
Rider-479,15:04:03,52.01766667,7.2905,254,183.348,3846.576,0,2025-Jun-09 12:40:07,0.111653805
Rider-480,15:04:04,52.0175,7.289833333,254,183.348,3851.4528,0,2025-Jun-09 12:40:07,0.111418247
Rider-481,15:04:05,52.0175,7.289166667,254,183.348,3856.6344,0,2025-Jun-09 12:40:07,0.111932755
Rider-482,15:04:06,52.01733333,7.288333333,254,181.496,3860.5968,0,2025-Jun-09 12:40:07,0.110531807
Rider-483,15:04:07,52.01716667,7.287666667,254,181.496,3865.4736,0,2025-Jun-09 12:40:08,0.110331535
Rider-484,15:04:08,52.017,7.287,254,181.496,3870.3504,0,2025-Jun-09 12:40:08,0.111614466
Rider-485,15:04:09,52.017,7.286166667,254,181.496,3874.6176,0,2025-Jun-09 12:40:08,0.110940933
Rider-486,15:04:10,52.01683333,7.2855,254,181.496,3879.4944,0,2025-Jun-09 12:40:08,0.110363007
Rider-487,15:04:11,52.01666667,7.284833333,254,179.644,3883.4568,0,2025-Jun-09 12:40:08,0.109829426
Rider-488,15:04:12,52.01666667,7.284166667,254,179.644,3888.6384,0,2025-Jun-09 12:40:08,0.10987854
Rider-489,15:04:13,52.0165,7.283333333,254,179.644,3892.6008,0,2025-Jun-09 12:40:08,0.110269785
Rider-490,15:04:14,52.01633333,7.282666667,254,179.644,3897.4776,0,2025-Jun-09 12:40:08,0.11123848
Rider-491,15:04:15,52.01616667,7.282,254,179.644,3902.3544,0,2025-Jun-09 12:40:08,0.110441446
Rider-492,15:04:16,52.01616667,7.281333333,254,177.792,3906.6216,0,2025-Jun-09 12:40:09,0.110338449
Rider-493,15:04:17,52.016,7.280666667,254,177.792,3911.4984,0,2025-Jun-09 12:40:09,0.111022472
Rider-494,15:04:18,52.01583333,7.28,254,177.792,3916.3752,0,2025-Jun-09 12:40:09,0.110768557
Rider-495,15:04:19,52.01566667,7.279166667,254,177.792,3920.6424,0,2025-Jun-09 12:40:09,0.109971285
Rider-496,15:04:20,52.01566667,7.2785,254,175.94,3925.5192,0,2025-Jun-09 12:40:09,0.110796213
Rider-497,15:04:22,52.0155,7.277833333,254,175.94,3930.396,0,2025-Jun-09 12:40:09,0.111046314
Rider-498,15:04:22,52.01533333,7.277166667,254,175.94,3935.5776,0,2025-Jun-09 12:40:09,0
Rider-499,15:04:23,52.01533333,7.2765,254,174.088,3940.4544,0,2025-Jun-09 12:40:10,1.120247841
Rider-500,15:04:24,52.01516667,7.275833333,254,174.088,3945.636,0,2025-Jun-09 12:40:10,0.111638546
Rider-501,15:04:25,52.015,7.275166667,254,174.088,3949.5984,0,2025-Jun-09 12:40:10,0.109730959
Rider-502,15:04:26,52.015,7.2745,254,172.236,3954.4752,0,2025-Jun-09 12:40:11,0.110532761
Rider-503,15:04:27,52.01483333,7.273833333,254,172.236,3959.352,0,2025-Jun-09 12:40:11,0.110373259
Rider-504,15:04:28,52.01466667,7.273166667,254,172.236,3964.5336,0,2025-Jun-09 12:40:11,0.110387802
Rider-505,15:04:29,52.0145,7.272333333,254,170.384,3969.4104,0,2025-Jun-09 12:40:11,0.110606432
Rider-506,15:04:30,52.0145,7.271666667,254,170.384,3974.592,0,2025-Jun-09 12:40:11,0.111386538
Rider-507,15:04:31,52.01433333,7.271,254,170.384,3979.4688,0,2025-Jun-09 12:40:11,0.110845327
Rider-508,15:04:32,52.01416667,7.270333333,254,170.384,3984.6504,0,2025-Jun-09 12:40:11,0.111057758
Rider-509,15:04:33,52.01416667,7.269666667,254,168.532,3989.5272,0,2025-Jun-09 12:40:11,0.111292601
Rider-510,15:04:34,52.014,7.269166667,254,168.532,3994.404,0,2025-Jun-09 12:40:11,0.111108065
Rider-511,15:04:35,52.01383333,7.2685,254,168.532,3999.5856,0,2025-Jun-09 12:40:12,0.111444473
Rider-512,15:04:36,52.01383333,7.267833333,254,168.532,4004.4624,0,2025-Jun-09 12:40:12,0.111764431
Rider-513,15:04:37,52.01366667,7.267166667,254,166.68,4008.4248,0,2025-Jun-09 12:40:12,0.111211538
Rider-514,15:04:38,52.0135,7.2665,254,166.68,4013.6064,0,2025-Jun-09 12:40:12,0.111167908
Rider-515,15:04:39,52.0135,7.265833333,254,166.68,4018.4832,0,2025-Jun-09 12:40:12,0.110990763
Rider-516,15:04:40,52.01333333,7.265166667,254,166.68,4022.4456,0,2025-Jun-09 12:40:12,0.111020803
Rider-517,15:04:41,52.01316667,7.2645,254,164.828,4027.6272,0,2025-Jun-09 12:40:12,0.111035347
Rider-518,15:04:42,52.01316667,7.263833333,254,164.828,4031.5896,0,2025-Jun-09 12:40:12,0.111297846
Rider-519,15:04:43,52.013,7.263166667,255,164.828,4036.4664,0,2025-Jun-09 12:40:12,0.111626625
Rider-520,15:04:44,52.013,7.2625,255,164.828,4040.4288,0,2025-Jun-09 12:40:13,0.110720158
Rider-521,15:04:45,52.01283333,7.261833333,255,164.828,4045.6104,0,2025-Jun-09 12:40:13,0.110580444
Rider-522,15:04:46,52.01266667,7.261333333,255,164.828,4049.5728,0,2025-Jun-09 12:40:13,0.111266136
Rider-523,15:04:47,52.01266667,7.260666667,255,162.976,4053.5352,0,2025-Jun-09 12:40:13,0.110593796
Rider-524,15:04:48,52.0125,7.26,255,162.976,4058.412,0,2025-Jun-09 12:40:13,0
Rider-525,15:04:50,52.01233333,7.259333333,255,162.976,4062.3744,0,2025-Jun-09 12:40:14,1.125380993
Rider-526,15:04:50,52.01233333,7.258666667,255,162.976,4066.6416,0,2025-Jun-09 12:40:14,0.110325575
Rider-527,15:04:51,52.01216667,7.258,255,162.976,4070.604,0,2025-Jun-09 12:40:14,0.112395763
Rider-528,15:04:52,52.01216667,7.257333333,255,162.976,4074.5664,0,2025-Jun-09 12:40:14,0.112139463
Rider-529,15:04:53,52.012,7.256833333,255,162.976,4078.5288,0,2025-Jun-09 12:40:14,0.111893654
Rider-530,15:04:54,52.01183333,7.256166667,255,162.976,4082.4912,0,2025-Jun-09 12:40:15,0.112122297
Rider-531,15:04:55,52.01183333,7.2555,255,162.976,4086.4536,0,2025-Jun-09 12:40:15,0.111330748
Rider-532,15:04:56,52.01166667,7.254833333,256,162.976,4090.416,0,2025-Jun-09 12:40:15,0.111247063
Rider-533,15:04:57,52.01166667,7.254166667,256,162.976,4094.3784,0,2025-Jun-09 12:40:15,0.111009359
Rider-534,15:04:58,52.0115,7.2535,256,162.976,4098.6456,0,2025-Jun-09 12:40:15,0.111060381
Rider-535,15:05:00,52.01133333,7.253,256,162.976,4102.608,0,2025-Jun-09 12:40:15,0.11102581
Rider-536,15:05:00,52.01133333,7.252333333,256,162.976,4106.5704,0,2025-Jun-09 12:40:15,0.11059761
Rider-537,15:05:01,52.01116667,7.251666667,256,164.828,4111.4472,0,2025-Jun-09 12:40:15,0.110283136
Rider-538,15:05:02,52.01116667,7.251,256,164.828,4115.4096,0,2025-Jun-09 12:40:15,0.110414982
Rider-539,15:05:03,52.011,7.250333333,256,164.828,4119.372,0,2025-Jun-09 12:40:16,0.111854553
Rider-540,15:05:04,52.01083333,7.249666667,256,164.828,4124.5536,0,2025-Jun-09 12:40:16,0.111815214
Rider-541,15:05:06,52.01083333,7.249,256,166.68,4128.516,0,2025-Jun-09 12:40:16,0.11139822
Rider-542,15:05:06,52.01066667,7.248333333,256,166.68,4132.4784,0,2025-Jun-09 12:40:16,0.111665487
Rider-543,15:05:07,52.01066667,7.247666667,256,166.68,4136.4408,0,2025-Jun-09 12:40:16,0.111685514
Rider-544,15:05:08,52.0105,7.247,256,166.68,4141.6224,0,2025-Jun-09 12:40:16,0.110792637
Rider-545,15:05:10,52.0105,7.246333333,256,166.68,4145.5848,0,2025-Jun-09 12:40:16,0.111208439
Rider-546,15:05:10,52.01033333,7.245666667,256,168.532,4149.5472,0,2025-Jun-09 12:40:16,0.111115217
Rider-547,15:05:11,52.01016667,7.245,256,168.532,4153.5096,0,2025-Jun-09 12:40:16,0.109761715
Rider-548,15:05:12,52.01016667,7.244333333,256,168.532,4158.3864,0,2025-Jun-09 12:40:17,0.111010313
Rider-549,15:05:13,52.01,7.243666667,255,168.532,4162.6536,0,2025-Jun-09 12:40:17,0.111028433
Rider-550,15:05:14,52.00983333,7.243,255,168.532,4166.616,0,2025-Jun-09 12:40:17,0
Rider-551,15:05:15,52.00983333,7.242333333,255,168.532,4170.5784,0,2025-Jun-09 12:40:18,1.115316391
Rider-552,15:05:16,52.00966667,7.241666667,255,170.384,4175.4552,0,2025-Jun-09 12:40:18,0.111069441
Rider-553,15:05:17,52.00966667,7.241,255,170.384,4179.4176,0,2025-Jun-09 12:40:18,0.111031771
Rider-554,15:05:18,52.0095,7.240333333,255,170.384,4183.38,0,2025-Jun-09 12:40:18,0.112112284
Rider-555,15:05:19,52.00933333,7.239666667,255,170.384,4187.6472,0,2025-Jun-09 12:40:18,0.111566782
Rider-556,15:05:20,52.00933333,7.239,255,170.384,4192.524,0,2025-Jun-09 12:40:18,0.111977339
Rider-557,15:05:21,52.00916667,7.238333333,255,170.384,4196.4864,0,2025-Jun-09 12:40:18,0.111018181
Rider-558,15:05:22,52.009,7.237666667,255,170.384,4200.4488,0,2025-Jun-09 12:40:19,0.111479759
Rider-559,15:05:23,52.009,7.237,255,172.236,4204.4112,0,2025-Jun-09 12:40:19,0.110915899
Rider-560,15:05:24,52.00883333,7.236333333,255,172.236,4209.5928,0,2025-Jun-09 12:40:19,0.111245632
Rider-561,15:05:25,52.00866667,7.235666667,255,172.236,4213.5552,0,2025-Jun-09 12:40:19,0.11169982
Rider-562,15:05:27,52.00866667,7.235,255,172.236,4217.5176,0,2025-Jun-09 12:40:19,0.111390829
Rider-563,15:05:27,52.0085,7.234333333,255,172.236,4221.48,0,2025-Jun-09 12:40:19,0.112430334
Rider-564,15:05:29,52.00833333,7.233666667,255,172.236,4225.4424,0,2025-Jun-09 12:40:19,0.110670328
Rider-565,15:05:29,52.00833333,7.233,255,172.236,4229.4048,0,2025-Jun-09 12:40:19,0.111445427
Rider-566,15:05:30,52.00816667,7.232333333,255,172.236,4234.5864,0,2025-Jun-09 12:40:19,0.111220598
Rider-567,15:05:31,52.008,7.231666667,255,174.088,4238.5488,0,2025-Jun-09 12:40:20,0.110834122
Rider-568,15:05:32,52.008,7.231,255,174.088,4242.5112,0,2025-Jun-09 12:40:20,0.111419916
Rider-569,15:05:33,52.00783333,7.230166667,255,174.088,4246.4736,0,2025-Jun-09 12:40:20,0.111201048
Rider-570,15:05:35,52.00766667,7.2295,255,174.088,4250.436,0,2025-Jun-09 12:40:20,0.111260176
Rider-571,15:05:35,52.00766667,7.228833333,255,174.088,4254.3984,0,2025-Jun-09 12:40:20,0.111030102
Rider-572,15:05:36,52.0075,7.228166667,255,174.088,4258.6656,0,2025-Jun-09 12:40:20,0.111749411
Rider-573,15:05:37,52.00733333,7.2275,255,174.088,4261.4088,0,2025-Jun-09 12:40:20,0.111577272
Rider-574,15:05:38,52.00733333,7.226833333,255,174.088,4265.676,0,2025-Jun-09 12:40:20,0.111067295
Rider-575,15:05:39,52.00716667,7.226166667,255,174.088,4269.6384,0,2025-Jun-09 12:40:20,0.111929893
Rider-576,15:05:40,52.007,7.2255,255,175.94,4273.6008,0,2025-Jun-09 12:40:20,0
Rider-577,15:05:41,52.007,7.224833333,255,175.94,4277.5632,0,2025-Jun-09 12:40:22,1.126378775
Rider-578,15:05:42,52.00683333,7.224,255,175.94,4281.5256,0,2025-Jun-09 12:40:22,0.110357761
Rider-579,15:05:43,52.00666667,7.223333333,255,175.94,4284.5736,0,2025-Jun-09 12:40:22,0.111751556
Rider-580,15:05:44,52.00666667,7.222666667,254,175.94,4288.536,0,2025-Jun-09 12:40:22,0.110914946
Rider-581,15:05:45,52.0065,7.222,254,175.94,4292.4984,0,2025-Jun-09 12:40:22,0.111659288
Rider-582,15:05:46,52.00633333,7.221333333,254,175.94,4296.4608,0,2025-Jun-09 12:40:22,0.111416817
Rider-583,15:05:47,52.00633333,7.220666667,254,175.94,4299.5088,0,2025-Jun-09 12:40:22,0.111416101
Rider-584,15:05:48,52.00616667,7.219833333,254,177.792,4303.4712,0,2025-Jun-09 12:40:22,0.110991478
Rider-585,15:05:49,52.006,7.219166667,254,177.792,4307.4336,0,2025-Jun-09 12:40:23,0.110952616
Rider-586,15:05:50,52.006,7.2185,254,177.792,4311.396,0,2025-Jun-09 12:40:23,0.110668182
Rider-587,15:05:51,52.00583333,7.217833333,254,177.792,4314.444,0,2025-Jun-09 12:40:23,0.111235142
Rider-588,15:05:52,52.00566667,7.217166667,254,177.792,4318.4064,0,2025-Jun-09 12:40:23,0.110503197
Rider-589,15:05:53,52.0055,7.2165,254,177.792,4322.6736,0,2025-Jun-09 12:40:23,0.111145735
Rider-590,15:05:54,52.0055,7.215666667,254,177.792,4326.636,0,2025-Jun-09 12:40:23,0.111158371
Rider-591,15:05:55,52.00533333,7.215,254,177.792,4329.684,0,2025-Jun-09 12:40:23,0.111341715
Rider-592,15:05:56,52.00516667,7.214333333,254,177.792,4333.6464,0,2025-Jun-09 12:40:23,0.110799074
Rider-593,15:05:57,52.00516667,7.213666667,254,179.644,4337.6088,0,2025-Jun-09 12:40:23,0.111160755
Rider-594,15:05:58,52.005,7.213,254,179.644,4341.5712,0,2025-Jun-09 12:40:24,0.110981703
Rider-595,15:05:59,52.00483333,7.212166667,254,179.644,4344.6192,0,2025-Jun-09 12:40:24,0.108866215
Rider-596,15:06:00,52.00466667,7.2115,254,179.644,4348.5816,0,2025-Jun-09 12:40:24,0.113618612
Rider-597,15:06:01,52.00466667,7.210833333,254,179.644,4352.544,0,2025-Jun-09 12:40:24,0.11066556
Rider-598,15:06:02,52.0045,7.210166667,254,179.644,4356.5064,0,2025-Jun-09 12:40:24,0.111381054
Rider-599,15:06:03,52.00433333,7.2095,254,179.644,4360.4688,0,2025-Jun-09 12:40:24,0.111281395
Rider-600,15:06:04,52.00433333,7.208666667,254,179.644,4364.4312,0,2025-Jun-09 12:40:24,0.111395836
Rider-601,15:06:06,52.00416667,7.208,254,179.644,4368.6984,0,2025-Jun-09 12:40:24,0.11115551
Rider-602,15:06:06,52.004,7.207333333,254,179.644,4372.6608,0,2025-Jun-09 12:40:24,0
Rider-603,15:06:07,52.00383333,7.206666667,253,179.644,4376.6232,0,2025-Jun-09 12:40:25,1.122980118
Rider-604,15:06:09,52.00383333,7.206,253,179.644,4380.5856,0,2025-Jun-09 12:40:26,0.11076045
Rider-605,15:06:10,52.00366667,7.205166667,253,179.644,4384.548,0,2025-Jun-09 12:40:26,0.111166239
Rider-606,15:06:10,52.0035,7.2045,253,179.644,4388.5104,0,2025-Jun-09 12:40:26,0.11160779
Rider-607,15:06:12,52.00333333,7.203833333,253,179.644,4392.4728,0,2025-Jun-09 12:40:26,0.110748529
Rider-608,15:06:13,52.00333333,7.203166667,253,179.644,4397.6544,0,2025-Jun-09 12:40:26,0.111079693
Rider-609,15:06:14,52.00316667,7.2025,253,179.644,4401.6168,0,2025-Jun-09 12:40:26,0.1105268
Rider-610,15:06:15,52.003,7.201666667,253,179.644,4405.5792,0,2025-Jun-09 12:40:26,0.110830069
Rider-611,15:06:15,52.00283333,7.201,253,179.644,4409.5416,0,2025-Jun-09 12:40:26,0.110898733
Rider-612,15:06:16,52.00266667,7.200333333,253,179.644,4413.504,0,2025-Jun-09 12:40:26,0.110754013
Rider-613,15:06:17,52.00266667,7.199666667,253,179.644,4417.4664,0,2025-Jun-09 12:40:27,0.110710859
Rider-614,15:06:18,52.0025,7.199,253,179.644,4421.4288,0,2025-Jun-09 12:40:27,0.110453606
Rider-615,15:06:19,52.00233333,7.198166667,253,179.644,4425.696,0,2025-Jun-09 12:40:27,0.110846519
Rider-616,15:06:20,52.00216667,7.1975,253,179.644,4429.6584,0,2025-Jun-09 12:40:27,0.110585928
Rider-617,15:06:21,52.00216667,7.196833333,253,179.644,4433.6208,0,2025-Jun-09 12:40:27,0.110465765
Rider-618,15:06:22,52.002,7.196166667,253,179.644,4437.5832,0,2025-Jun-09 12:40:27,0.110923052
Rider-619,15:06:23,52.00183333,7.1955,253,179.644,4441.5456,0,2025-Jun-09 12:40:27,0.111139297
Rider-620,15:06:24,52.00166667,7.194666667,253,179.644,4445.508,0,2025-Jun-09 12:40:27,0.111226082
Rider-621,15:06:25,52.00166667,7.194,253,179.644,4449.4704,0,2025-Jun-09 12:40:27,0.110105038
Rider-622,15:06:26,52.0015,7.193333333,253,179.644,4453.4328,0,2025-Jun-09 12:40:28,0.111598253
Rider-623,15:06:27,52.00133333,7.192666667,253,179.644,4457.7,0,2025-Jun-09 12:40:28,0.111081839
Rider-624,15:06:28,52.00116667,7.192,253,179.644,4461.6624,0,2025-Jun-09 12:40:28,0.110313654
Rider-625,15:06:29,52.001,7.191166667,253,179.644,4465.6248,0,2025-Jun-09 12:40:28,0.110462666
Rider-626,15:06:30,52.001,7.1905,253,181.496,4469.5872,0,2025-Jun-09 12:40:28,0.110825777
Rider-627,15:06:31,52.00083333,7.189833333,253,181.496,4473.5496,0,2025-Jun-09 12:40:28,0.110900879
Rider-628,15:06:32,52.00066667,7.189166667,253,181.496,4477.512,0,2025-Jun-09 12:40:28,0
Rider-629,15:06:33,52.0005,7.1885,253,181.496,4481.4744,0,2025-Jun-09 12:40:29,1.111605406
Rider-630,15:06:34,52.0005,7.187666667,253,181.496,4485.4368,0,2025-Jun-09 12:40:29,0.111472607
Rider-631,15:06:35,52.00033333,7.187,253,181.496,4489.704,0,2025-Jun-09 12:40:29,0.111660957
Rider-632,15:06:36,52.00016667,7.186333333,253,181.496,4493.6664,0,2025-Jun-09 12:40:30,0.111483097
Rider-633,15:06:37,52,7.185666667,253,181.496,4497.6288,0,2025-Jun-09 12:40:30,0.110397577
Rider-634,15:06:38,51.99983333,7.184833333,253,181.496,4501.5912,0,2025-Jun-09 12:40:30,0.111407042
Rider-635,15:06:39,51.99983333,7.184166667,253,181.496,4505.5536,0,2025-Jun-09 12:40:30,0.111297131
Rider-636,15:06:40,51.99966667,7.1835,253,181.496,4509.516,0,2025-Jun-09 12:40:30,0.111175537
Rider-637,15:06:41,51.9995,7.182833333,252,181.496,4513.4784,0,2025-Jun-09 12:40:30,0.110244513
Rider-638,15:06:42,51.99933333,7.182,252,181.496,4518.66,0,2025-Jun-09 12:40:30,0.111138582
Rider-639,15:06:43,51.99916667,7.181333333,252,183.348,4522.6224,0,2025-Jun-09 12:40:30,0.110937595
Rider-640,15:06:44,51.99916667,7.180666667,253,183.348,4526.5848,0,2025-Jun-09 12:40:30,0.111593246
Rider-641,15:06:45,51.999,7.18,253,183.348,4530.5472,0,2025-Jun-09 12:40:31,0.110994101
Rider-642,15:06:46,51.99883333,7.179166667,253,183.348,4535.424,0,2025-Jun-09 12:40:31,0.11121726
Rider-643,15:06:47,51.99866667,7.1785,253,183.348,4539.6912,0,2025-Jun-09 12:40:31,0.111196518
Rider-644,15:06:48,51.9985,7.177833333,253,183.348,4544.568,0,2025-Jun-09 12:40:31,0.111159801
Rider-645,15:06:49,51.9985,7.177166667,253,183.348,4548.5304,0,2025-Jun-09 12:40:31,0.110614061
Rider-646,15:06:50,51.99833333,7.176333333,253,183.348,4552.4928,0,2025-Jun-09 12:40:31,0.111433744
Rider-647,15:06:51,51.99816667,7.175666667,253,183.348,4557.6744,0,2025-Jun-09 12:40:31,0.111202717
Rider-648,15:06:52,51.998,7.175,253,181.496,4561.6368,0,2025-Jun-09 12:40:31,0.110808611
Rider-649,15:06:53,51.99783333,7.174333333,253,183.348,4565.5992,0,2025-Jun-09 12:40:31,0.111241579
Rider-650,15:06:54,51.99783333,7.1735,253,181.496,4570.476,0,2025-Jun-09 12:40:32,0.110695601
Rider-651,15:06:55,51.99766667,7.172833333,253,181.496,4574.4384,0,2025-Jun-09 12:40:32,0.111253262
Rider-652,15:06:56,51.9975,7.172166667,253,181.496,4578.7056,0,2025-Jun-09 12:40:32,0.111209154
Rider-653,15:06:57,51.99733333,7.1715,252,181.496,4583.5824,0,2025-Jun-09 12:40:32,0.111895561
Rider-654,15:06:58,51.99716667,7.170666667,252,181.496,4587.5448,0,2025-Jun-09 12:40:32,0
Rider-655,15:06:59,51.99716667,7.17,252,181.496,4591.5072,0,2025-Jun-09 12:40:33,1.12686491
Rider-656,15:07:00,51.997,7.169333333,252,181.496,4596.6888,0,2025-Jun-09 12:40:33,0.110383749
Rider-657,15:07:01,51.99683333,7.168666667,252,181.496,4600.6512,0,2025-Jun-09 12:40:33,0.11139226
Rider-658,15:07:02,51.99666667,7.167833333,252,181.496,4604.6136,0,2025-Jun-09 12:40:33,0.111595392
Rider-659,15:07:03,51.9965,7.167166667,252,181.496,4608.576,0,2025-Jun-09 12:40:33,0.111499786
Rider-660,15:07:04,51.9965,7.1665,252,181.496,4613.4528,0,2025-Jun-09 12:40:34,0.111641645
Rider-661,15:07:05,51.99633333,7.165833333,252,181.496,4617.72,0,2025-Jun-09 12:40:34,0.111115456
Rider-662,15:07:06,51.99616667,7.165,252,181.496,4621.6824,0,2025-Jun-09 12:40:34,0.111593246
Rider-663,15:07:07,51.996,7.164333333,252,181.496,4625.6448,0,2025-Jun-09 12:40:34,0.111251593
Rider-664,15:07:08,51.99583333,7.163666667,252,181.496,4630.5216,0,2025-Jun-09 12:40:34,0.112098455
Rider-665,15:07:09,51.99583333,7.163,252,181.496,4634.484,0,2025-Jun-09 12:40:34,0.111238003
Rider-666,15:07:10,51.99566667,7.162166667,252,181.496,4639.6656,0,2025-Jun-09 12:40:34,0.111334324
Rider-667,15:07:11,51.9955,7.1615,252,181.496,4643.628,0,2025-Jun-09 12:40:34,0.111823797
Rider-668,15:07:12,51.99533333,7.160833333,252,181.496,4647.5904,0,2025-Jun-09 12:40:34,0.111414671
Rider-669,15:07:13,51.99516667,7.160166667,253,181.496,4652.4672,0,2025-Jun-09 12:40:35,0.111158609
Rider-670,15:07:14,51.99516667,7.1595,253,181.496,4656.7344,0,2025-Jun-09 12:40:35,0.111687183
Rider-671,15:07:15,51.995,7.158666667,253,181.496,4661.6112,0,2025-Jun-09 12:40:35,0.11103034
Rider-672,15:07:16,51.99483333,7.158,253,181.496,4665.5736,0,2025-Jun-09 12:40:35,0.110093117
Rider-673,15:07:17,51.99466667,7.157333333,252,179.644,4669.536,0,2025-Jun-09 12:40:35,0.11037302
Rider-674,15:07:18,51.9945,7.156666667,252,179.644,4674.7176,0,2025-Jun-09 12:40:35,0.111801147
Rider-675,15:07:19,51.99433333,7.156,251,179.644,4678.68,0,2025-Jun-09 12:40:35,0.111689329
Rider-676,15:07:20,51.99433333,7.155166667,249,177.792,4682.6424,0,2025-Jun-09 12:40:35,0.111230135
Rider-677,15:07:21,51.99416667,7.154666667,246,175.94,4686.6048,0,2025-Jun-09 12:40:35,0.110812902
Rider-678,15:07:22,51.99383333,7.154,242,172.236,4690.5672,0,2025-Jun-09 12:40:36,0.111303329
Rider-679,15:07:23,51.99366667,7.153333333,238,170.384,4694.5296,0,2025-Jun-09 12:40:36,0.111579895
Rider-680,15:07:24,51.9935,7.152833333,233,168.532,4698.492,0,2025-Jun-09 12:40:36,0
Rider-681,15:07:25,51.99316667,7.152333333,230,166.68,4702.4544,0,2025-Jun-09 12:40:37,1.112122774
Rider-682,15:07:26,51.99283333,7.151833333,228,166.68,4705.5024,0,2025-Jun-09 12:40:37,0.111014843
Rider-683,15:07:27,51.99266667,7.151333333,226,166.68,4708.5504,0,2025-Jun-09 12:40:37,0.111390352
Rider-684,15:07:28,51.99233333,7.150833333,224,166.68,4711.5984,0,2025-Jun-09 12:40:37,0.110687494
Rider-685,15:07:29,51.992,7.150333333,222,168.532,4713.732,0,2025-Jun-09 12:40:37,0.110862017
Rider-686,15:07:30,51.99166667,7.149833333,221,168.532,4715.5608,0,2025-Jun-09 12:40:37,0.111168385
Rider-687,15:07:31,51.99133333,7.1495,219,168.532,4718.6088,0,2025-Jun-09 12:40:37,0.112553596
Rider-688,15:07:32,51.991,7.149,218,168.532,4720.7424,0,2025-Jun-09 12:40:38,0.111313105
Rider-689,15:07:33,51.99066667,7.1485,217,168.532,4723.4856,0,2025-Jun-09 12:40:38,0.111927986
Rider-690,15:07:34,51.99033333,7.148166667,216,168.532,4726.5336,0,2025-Jun-09 12:40:38,0.110868454
Rider-691,15:07:35,51.99,7.147666667,216,170.384,4729.5816,0,2025-Jun-09 12:40:38,0.111847639
Rider-692,15:07:36,51.98966667,7.147333333,215,170.384,4733.544,0,2025-Jun-09 12:40:38,0.110497713
Rider-693,15:07:37,51.98933333,7.147,214,170.384,4736.592,0,2025-Jun-09 12:40:38,0.111320019
Rider-694,15:07:38,51.989,7.1465,214,170.384,4739.64,0,2025-Jun-09 12:40:38,0.111631632
Rider-695,15:07:39,51.98866667,7.146166667,214,170.384,4743.6024,0,2025-Jun-09 12:40:38,0.111084938
Rider-696,15:07:40,51.98833333,7.145833333,213,170.384,4746.6504,0,2025-Jun-09 12:40:38,0.111759424
Rider-697,15:07:41,51.98783333,7.145333333,213,170.384,4750.6128,0,2025-Jun-09 12:40:39,0.111416101
Rider-698,15:07:42,51.9875,7.145,213,170.384,4753.6608,0,2025-Jun-09 12:40:39,0.111549854
Rider-699,15:07:43,51.98716667,7.144666667,212,172.236,4757.6232,0,2025-Jun-09 12:40:39,0.11060214
Rider-700,15:07:44,51.98683333,7.144333333,212,172.236,4760.6712,0,2025-Jun-09 12:40:39,0.110692978
Rider-701,15:07:45,51.9865,7.143833333,212,172.236,4764.6336,0,2025-Jun-09 12:40:39,0.111098051
Rider-702,15:07:46,51.98616667,7.1435,212,172.236,4768.596,0,2025-Jun-09 12:40:39,0.111177206
Rider-703,15:07:47,51.98566667,7.143166667,212,172.236,4771.644,0,2025-Jun-09 12:40:39,0.110090256
Rider-704,15:07:48,51.98533333,7.142833333,212,172.236,4775.6064,0,2025-Jun-09 12:40:39,0.111053705
Rider-705,15:07:49,51.985,7.142333333,212,172.236,4778.6544,0,2025-Jun-09 12:40:39,0.111525059
Rider-706,15:07:50,51.98466667,7.142,211,172.236,4782.6168,0,2025-Jun-09 12:40:39,0
Rider-707,15:07:52,51.98433333,7.141666667,211,172.236,4786.5792,0,2025-Jun-09 12:40:41,1.126438856
Rider-708,15:07:53,51.98383333,7.141333333,211,172.236,4789.6272,0,2025-Jun-09 12:40:41,0.111400604
Rider-709,15:07:53,51.9835,7.141,211,172.236,4793.5896,0,2025-Jun-09 12:40:41,0.111274004
Rider-710,15:07:54,51.98316667,7.1405,211,172.236,4797.552,0,2025-Jun-09 12:40:41,0.11203599
Rider-711,15:07:55,51.98283333,7.140166667,211,172.236,4800.6,0,2025-Jun-09 12:40:41,0.111200571
Rider-712,15:07:56,51.9825,7.139833333,211,172.236,4804.5624,0,2025-Jun-09 12:40:41,0.111062527
Rider-713,15:07:57,51.982,7.1395,211,172.236,4808.5248,0,2025-Jun-09 12:40:41,0.111155987
Rider-714,15:07:58,51.98166667,7.139,211,172.236,4811.5728,0,2025-Jun-09 12:40:41,0.110632658
Rider-715,15:08:00,51.98133333,7.138666667,211,172.236,4815.5352,0,2025-Jun-09 12:40:41,0.111748934
Rider-716,15:08:00,51.981,7.138333333,211,172.236,4819.4976,0,2025-Jun-09 12:40:42,0.111650705
Rider-717,15:08:01,51.98066667,7.138,211,172.236,4822.5456,0,2025-Jun-09 12:40:42,0.111650944
Rider-718,15:08:02,51.98016667,7.137666667,211,172.236,4826.508,0,2025-Jun-09 12:40:42,0.11135149
Rider-719,15:08:03,51.97983333,7.137166667,211,172.236,4830.4704,0,2025-Jun-09 12:40:42,0.110864639
Rider-720,15:08:05,51.9795,7.136833333,211,172.236,4833.5184,0,2025-Jun-09 12:40:42,0.112173557
Rider-721,15:08:05,51.97916667,7.1365,211,172.236,4837.4808,0,2025-Jun-09 12:40:42,0.11170125
Rider-722,15:08:06,51.97883333,7.136166667,211,174.088,4840.5288,0,2025-Jun-09 12:40:42,0.11085701
Rider-723,15:08:07,51.97833333,7.135666667,211,174.088,4844.4912,0,2025-Jun-09 12:40:42,0.111381531
Rider-724,15:08:08,51.978,7.135333333,211,174.088,4848.7584,0,2025-Jun-09 12:40:42,0.111167669
Rider-725,15:08:09,51.97766667,7.135,211,174.088,4851.5016,0,2025-Jun-09 12:40:43,0.109948158
Rider-726,15:08:10,51.97733333,7.134666667,211,174.088,4855.464,0,2025-Jun-09 12:40:43,0.110928059
Rider-727,15:08:11,51.97683333,7.134166667,211,174.088,4858.512,0,2025-Jun-09 12:40:43,0.111912489
Rider-728,15:08:12,51.9765,7.133833333,211,174.088,4862.4744,0,2025-Jun-09 12:40:43,0.110913038
Rider-729,15:08:13,51.97616667,7.1335,211,174.088,4866.7416,0,2025-Jun-09 12:40:43,0.112315655
Rider-730,15:08:14,51.97583333,7.133166667,211,174.088,4870.704,0,2025-Jun-09 12:40:43,0.111518383
Rider-731,15:08:15,51.9755,7.132833333,211,174.088,4873.752,0,2025-Jun-09 12:40:43,0.11186409
Rider-732,15:08:16,51.975,7.132333333,212,174.088,4877.7144,0,2025-Jun-09 12:40:43,0
Rider-733,15:08:17,51.97466667,7.132,211,174.088,4881.6768,0,2025-Jun-09 12:40:44,1.114210606
Rider-734,15:08:18,51.97433333,7.131666667,211,174.088,4885.6392,0,2025-Jun-09 12:40:44,0.111288786
Rider-735,15:08:19,51.974,7.131333333,211,174.088,4888.6872,0,2025-Jun-09 12:40:45,0.110518217
Rider-736,15:08:20,51.97366667,7.130833333,212,174.088,4892.6496,0,2025-Jun-09 12:40:45,0.110716343
Rider-737,15:08:21,51.97316667,7.1305,212,174.088,4896.612,0,2025-Jun-09 12:40:45,0.110630274
Rider-738,15:08:22,51.97283333,7.130166667,212,174.088,4900.5744,0,2025-Jun-09 12:40:45,0.111541033
Rider-739,15:08:23,51.9725,7.129833333,212,174.088,4903.6224,0,2025-Jun-09 12:40:45,0.111111164
Rider-740,15:08:24,51.97216667,7.129333333,212,174.088,4907.5848,0,2025-Jun-09 12:40:45,0.11140275
Rider-741,15:08:25,51.97166667,7.129,212,174.088,4911.5472,0,2025-Jun-09 12:40:45,0.111153603
Rider-742,15:08:26,51.97133333,7.128666667,212,174.088,4915.5096,0,2025-Jun-09 12:40:45,0.109967947
Rider-743,15:08:27,51.971,7.128333333,212,174.088,4919.472,0,2025-Jun-09 12:40:45,0.110795498
Rider-744,15:08:28,51.97066667,7.127833333,212,174.088,4923.7392,0,2025-Jun-09 12:40:46,0.111319065
Rider-745,15:08:29,51.97033333,7.1275,212,174.088,4926.4824,0,2025-Jun-09 12:40:46,0.110841036
Rider-746,15:08:30,51.96983333,7.127166667,212,174.088,4930.7496,0,2025-Jun-09 12:40:46,0.111397743
Rider-747,15:08:31,51.9695,7.126833333,212,174.088,4934.712,0,2025-Jun-09 12:40:46,0.110907078
Rider-748,15:08:32,51.96916667,7.126333333,212,174.088,4938.6744,0,2025-Jun-09 12:40:46,0.111006737
Rider-749,15:08:33,51.96883333,7.126,212,174.088,4941.7224,0,2025-Jun-09 12:40:46,0.110817671
Rider-750,15:08:34,51.9685,7.125666667,212,174.088,4945.6848,0,2025-Jun-09 12:40:46,0.111064434
Rider-751,15:08:35,51.968,7.125166667,212,174.088,4949.6472,0,2025-Jun-09 12:40:46,0.111685038
Rider-752,15:08:36,51.96766667,7.124833333,212,174.088,4953.6096,0,2025-Jun-09 12:40:46,0.111530781
Rider-753,15:08:37,51.96733333,7.1245,212,174.088,4956.6576,0,2025-Jun-09 12:40:47,0.111606121
Rider-754,15:08:38,51.967,7.124166667,212,174.088,4960.62,0,2025-Jun-09 12:40:47,0.110833406
Rider-755,15:08:39,51.96666667,7.123666667,212,174.088,4964.5824,0,2025-Jun-09 12:40:47,0.111826658
Rider-756,15:08:40,51.96616667,7.123333333,212,174.088,4967.6304,0,2025-Jun-09 12:40:47,0.111690283
Rider-757,15:08:41,51.96583333,7.123,212,174.088,4971.5928,0,2025-Jun-09 12:40:47,0.103203058
Rider-758,15:08:42,51.9655,7.1225,212,174.088,4974.6408,0,2025-Jun-09 12:40:47,0
Rider-759,15:08:43,51.96516667,7.122166667,212,174.088,4978.6032,0,2025-Jun-09 12:40:48,1.113626957
Rider-760,15:08:44,51.96483333,7.121833333,212,174.088,4982.5656,0,2025-Jun-09 12:40:48,0.110445499
Rider-761,15:08:45,51.96433333,7.1215,212,174.088,4985.6136,0,2025-Jun-09 12:40:48,0.111356974
Rider-762,15:08:46,51.964,7.121,212,174.088,4989.576,0,2025-Jun-09 12:40:48,0.111355066
Rider-763,15:08:47,51.96366667,7.120666667,212,174.088,4993.5384,0,2025-Jun-09 12:40:49,0.110616922
Rider-764,15:08:48,51.96333333,7.120333333,212,174.088,4996.5864,0,2025-Jun-09 12:40:49,0.111660242
Rider-765,15:08:49,51.963,7.119833333,212,174.088,5000.5488,0,2025-Jun-09 12:40:49,0.111792326
Rider-766,15:08:50,51.9625,7.1195,212,174.088,5004.5112,0,2025-Jun-09 12:40:49,0.111171484
Rider-767,15:08:51,51.96216667,7.119166667,212,174.088,5007.5592,0,2025-Jun-09 12:40:49,0.111032724
Rider-768,15:08:52,51.96183333,7.118833333,212,174.088,5011.5216,0,2025-Jun-09 12:40:49,0.110948324
Rider-769,15:08:53,51.9615,7.118333333,212,174.088,5014.5696,0,2025-Jun-09 12:40:49,0.110699177
Rider-770,15:08:54,51.961,7.118,212,174.088,5018.532,0,2025-Jun-09 12:40:49,0.110576391
Rider-771,15:08:55,51.96066667,7.117666667,212,174.088,5022.4944,0,2025-Jun-09 12:40:49,0.111066341
Rider-772,15:08:56,51.96033333,7.117166667,212,174.088,5025.5424,0,2025-Jun-09 12:40:50,0.110361814
Rider-773,15:08:57,51.96,7.116833333,212,174.088,5029.5048,0,2025-Jun-09 12:40:50,0.110750437
Rider-774,15:08:58,51.95966667,7.1165,212,174.088,5032.5528,0,2025-Jun-09 12:40:50,0.110897064
Rider-775,15:08:59,51.95916667,7.116,212,174.088,5036.5152,0,2025-Jun-09 12:40:50,0.111463547
Rider-776,15:09:00,51.95883333,7.115666667,212,174.088,5039.5632,0,2025-Jun-09 12:40:50,0.110488176
Rider-777,15:09:01,51.9585,7.115333333,212,174.088,5043.5256,0,2025-Jun-09 12:40:50,0.11072278
Rider-778,15:09:02,51.95816667,7.115,212,174.088,5046.5736,0,2025-Jun-09 12:40:50,0.11063242
Rider-779,15:09:03,51.95783333,7.1145,212,174.088,5050.536,0,2025-Jun-09 12:40:50,0.111227751
Rider-780,15:09:04,51.95733333,7.114166667,212,174.088,5054.4984,0,2025-Jun-09 12:40:50,0.111314058
Rider-781,15:09:05,51.957,7.113833333,212,174.088,5057.5464,0,2025-Jun-09 12:40:51,0.110651016
Rider-782,15:09:06,51.95666667,7.113333333,212,174.088,5061.5088,0,2025-Jun-09 12:40:51,0.111262321
Rider-783,15:09:07,51.95633333,7.113,212,174.088,5064.5568,0,2025-Jun-09 12:40:51,0.111623526
Rider-784,15:09:08,51.956,7.112666667,212,174.088,5068.5192,0,2025-Jun-09 12:40:51,0
Rider-785,15:09:09,51.9555,7.112166667,212,174.088,5071.5672,0,2025-Jun-09 12:40:52,1.124057055
Rider-786,15:09:10,51.95516667,7.111833333,212,174.088,5074.6152,0,2025-Jun-09 12:40:52,0.109973431
Rider-787,15:09:11,51.95483333,7.1115,212,174.088,5078.5776,0,2025-Jun-09 12:40:52,0.110521317
Rider-788,15:09:12,51.9545,7.111,212,174.088,5081.6256,0,2025-Jun-09 12:40:52,0.111512423
Rider-789,15:09:13,51.95416667,7.110666667,212,175.94,5085.588,0,2025-Jun-09 12:40:52,0.110887289
Rider-790,15:09:14,51.95366667,7.110333333,212,175.94,5088.636,0,2025-Jun-09 12:40:52,0.11192441
Rider-791,15:09:15,51.95333333,7.11,212,175.94,5091.684,0,2025-Jun-09 12:40:53,0.110110998
Rider-792,15:09:16,51.953,7.1095,212,175.94,5095.6464,0,2025-Jun-09 12:40:53,0.111139536
Rider-793,15:09:17,51.95266667,7.109166667,212,175.94,5098.6944,0,2025-Jun-09 12:40:53,0.10999465
Rider-794,15:09:18,51.95216667,7.108833333,212,175.94,5102.6568,0,2025-Jun-09 12:40:53,0.110910416
Rider-795,15:09:19,51.95183333,7.108333333,212,175.94,5105.7048,0,2025-Jun-09 12:40:53,0.110872269
Rider-796,15:09:20,51.9515,7.108,212,175.94,5109.6672,0,2025-Jun-09 12:40:53,0.111553431
Rider-797,15:09:22,51.95116667,7.107666667,212,175.94,5112.7152,0,2025-Jun-09 12:40:53,0.109900475
Rider-798,15:09:22,51.95083333,7.107166667,212,175.94,5116.6776,0,2025-Jun-09 12:40:53,0.111838102
Rider-799,15:09:24,51.95033333,7.106833333,212,175.94,5119.7256,0,2025-Jun-09 12:40:53,0.110940695
Rider-800,15:09:24,51.95,7.1065,212,175.94,5123.688,0,2025-Jun-09 12:40:54,0.110963821
Rider-801,15:09:26,51.94966667,7.106,212,175.94,5126.736,0,2025-Jun-09 12:40:54,0.110022068
Rider-802,15:09:26,51.94933333,7.105666667,212,175.94,5130.6984,0,2025-Jun-09 12:40:54,0.110027075
Rider-803,15:09:28,51.949,7.105333333,212,175.94,5133.7464,0,2025-Jun-09 12:40:54,0.110539913
Rider-804,15:09:29,51.9485,7.104833333,212,175.94,5137.7088,0,2025-Jun-09 12:40:54,0.110235453
Rider-805,15:09:30,51.94816667,7.1045,212,175.94,5140.7568,0,2025-Jun-09 12:40:54,0.109580755
Rider-806,15:09:30,51.94783333,7.104166667,212,175.94,5143.5,0,2025-Jun-09 12:40:54,0.111226559
Rider-807,15:09:31,51.9475,7.103833333,212,175.94,5147.7672,0,2025-Jun-09 12:40:54,0.111237764
Rider-808,15:09:32,51.947,7.103333333,212,175.94,5150.5104,0,2025-Jun-09 12:40:54,0.110216379
Rider-809,15:09:33,51.94666667,7.103,212,175.94,5154.7776,0,2025-Jun-09 12:40:55,0.111049414
Rider-810,15:09:34,51.94633333,7.102666667,212,175.94,5157.5208,0,2025-Jun-09 12:40:55,0
Rider-811,15:09:35,51.946,7.102166667,212,175.94,5160.5688,0,2025-Jun-09 12:40:56,1.125782728
Rider-812,15:09:36,51.9455,7.101833333,212,175.94,5164.5312,0,2025-Jun-09 12:40:56,0.110265017
Rider-813,15:09:37,51.94516667,7.1015,212,175.94,5167.5792,0,2025-Jun-09 12:40:56,0.110640049
Rider-814,15:09:38,51.94483333,7.101,212,175.94,5171.5416,0,2025-Jun-09 12:40:56,0.110879898
Rider-815,15:09:40,51.9445,7.100666667,212,175.94,5174.5896,0,2025-Jun-09 12:40:56,0.11033535
Rider-816,15:09:41,51.94416667,7.100333333,212,175.94,5177.6376,0,2025-Jun-09 12:40:56,0.111387253
Rider-817,15:09:42,51.94366667,7.099833333,212,175.94,5181.6,0,2025-Jun-09 12:40:56,0.110570669
Rider-818,15:09:42,51.94333333,7.0995,212,175.94,5184.648,0,2025-Jun-09 12:40:56,0.11125803
Rider-819,15:09:43,51.943,7.099166667,212,175.94,5187.696,0,2025-Jun-09 12:40:57,0.110788584
Rider-820,15:09:44,51.94266667,7.098666667,212,175.94,5191.6584,0,2025-Jun-09 12:40:57,0.110557795
Rider-821,15:09:45,51.94216667,7.098333333,212,175.94,5194.7064,0,2025-Jun-09 12:40:57,0.111810207
Rider-822,15:09:46,51.94183333,7.098,212,175.94,5198.6688,0,2025-Jun-09 12:40:57,0.111062765
Rider-823,15:09:47,51.9415,7.0975,213,175.94,5201.7168,0,2025-Jun-09 12:40:57,0.111720324
Rider-824,15:09:48,51.94116667,7.097166667,213,175.94,5205.6792,0,2025-Jun-09 12:40:57,0.109404564
Rider-825,15:09:49,51.94083333,7.096833333,213,175.94,5208.7272,0,2025-Jun-09 12:40:57,0.111302614
Rider-826,15:09:50,51.94033333,7.096333333,213,175.94,5212.6896,0,2025-Jun-09 12:40:57,0.110967398
Rider-827,15:09:51,51.94,7.096,213,175.94,5215.7376,0,2025-Jun-09 12:40:57,0.111053944
Rider-828,15:09:52,51.93966667,7.095666667,213,175.94,5219.7,0,2025-Jun-09 12:40:58,0.110149622
Rider-829,15:09:54,51.93933333,7.095166667,213,175.94,5222.748,0,2025-Jun-09 12:40:58,0.11137557
Rider-830,15:09:54,51.939,7.094833333,213,175.94,5225.796,0,2025-Jun-09 12:40:58,0.111222267
Rider-831,15:09:55,51.9385,7.0945,213,175.94,5229.7584,0,2025-Jun-09 12:40:58,0.111019135
Rider-832,15:09:56,51.93816667,7.094,213,175.94,5232.8064,0,2025-Jun-09 12:40:58,0.110333681
Rider-833,15:09:57,51.93783333,7.093666667,213,175.94,5235.5496,0,2025-Jun-09 12:40:58,0.110266447
Rider-834,15:09:59,51.9375,7.093333333,213,175.94,5239.512,0,2025-Jun-09 12:40:58,0.11143899
Rider-835,15:09:59,51.937,7.092833333,213,175.94,5242.56,0,2025-Jun-09 12:40:58,0.111516237
Rider-836,15:10:00,51.93666667,7.0925,213,175.94,5246.5224,0,2025-Jun-09 12:40:58,0
Rider-837,15:10:01,51.93633333,7.092166667,213,175.94,5249.5704,0,2025-Jun-09 12:40:59,1.124430895
Rider-838,15:10:02,51.936,7.091666667,213,175.94,5252.6184,0,2025-Jun-09 12:41:00,0.110412359
Rider-839,15:10:03,51.93566667,7.091333333,213,175.94,5256.5808,0,2025-Jun-09 12:41:00,0.110781908
Rider-840,15:10:04,51.93516667,7.090833333,213,175.94,5259.6288,0,2025-Jun-09 12:41:00,0.112790108
Rider-841,15:10:05,51.93483333,7.0905,213,175.94,5263.5912,0,2025-Jun-09 12:41:00,0.107480764
Rider-842,15:10:06,51.9345,7.090166667,213,175.94,5266.6392,0,2025-Jun-09 12:41:00,0.120757818
Rider-843,15:10:07,51.93416667,7.089666667,213,177.792,5270.6016,0,2025-Jun-09 12:41:00,0.100285292
Rider-844,15:10:08,51.93383333,7.089333333,213,177.792,5273.6496,0,2025-Jun-09 12:41:00,0.11248064
Rider-845,15:10:09,51.93333333,7.089,213,177.792,5277.612,0,2025-Jun-09 12:41:00,0.108100176
Rider-846,15:10:10,51.933,7.0885,213,177.792,5280.66,0,2025-Jun-09 12:41:00,0.110422611
Rider-847,15:10:11,51.93266667,7.088166667,213,177.792,5284.6224,0,2025-Jun-09 12:41:01,0.111201286
Rider-848,15:10:12,51.93233333,7.087666667,213,177.792,5288.5848,0,2025-Jun-09 12:41:01,0.110757589
Rider-849,15:10:13,51.932,7.087333333,213,177.792,5291.6328,0,2025-Jun-09 12:41:01,0.111230612
Rider-850,15:10:14,51.9315,7.087,213,177.792,5295.5952,0,2025-Jun-09 12:41:01,0.110318661
Rider-851,15:10:15,51.93116667,7.0865,213,177.792,5298.6432,0,2025-Jun-09 12:41:01,0.110862732
Rider-852,15:10:16,51.93083333,7.086166667,213,177.792,5302.6056,0,2025-Jun-09 12:41:01,0.110293388
Rider-853,15:10:17,51.9305,7.085666667,213,177.792,5305.6536,0,2025-Jun-09 12:41:01,0.111092329
Rider-854,15:10:18,51.93,7.085333333,213,177.792,5309.616,0,2025-Jun-09 12:41:01,0.110339403
Rider-855,15:10:19,51.92966667,7.084833333,213,179.644,5312.664,0,2025-Jun-09 12:41:01,0.111058712
Rider-856,15:10:20,51.92933333,7.0845,213,179.644,5316.6264,0,2025-Jun-09 12:41:02,0.109361649
Rider-857,15:10:21,51.929,7.084166667,213,179.644,5319.6744,0,2025-Jun-09 12:41:02,0.111239195
Rider-858,15:10:22,51.9285,7.083666667,213,179.644,5323.6368,0,2025-Jun-09 12:41:02,0.110691071
Rider-859,15:10:23,51.92816667,7.083333333,213,179.644,5326.6848,0,2025-Jun-09 12:41:02,0.110670567
Rider-860,15:10:24,51.92783333,7.082833333,213,179.644,5330.6472,0,2025-Jun-09 12:41:02,0.110835552
Rider-861,15:10:25,51.9275,7.0825,213,179.644,5333.6952,0,2025-Jun-09 12:41:02,0.110708475
Rider-862,15:10:26,51.927,7.082,213,179.644,5337.6576,0,2025-Jun-09 12:41:02,0
Rider-863,15:10:27,51.92666667,7.081666667,213,179.644,5340.7056,0,2025-Jun-09 12:41:03,1.124080658
Rider-864,15:10:28,51.92633333,7.081333333,213,181.496,5343.7536,0,2025-Jun-09 12:41:03,0.110593319
Rider-865,15:10:29,51.926,7.080833333,213,181.496,5347.716,0,2025-Jun-09 12:41:03,0.11098361
Rider-866,15:10:30,51.9255,7.0805,213,181.496,5350.764,0,2025-Jun-09 12:41:04,0.111283302
Rider-867,15:10:31,51.92516667,7.08,213,181.496,5353.812,0,2025-Jun-09 12:41:04,0.11055851
Rider-868,15:10:32,51.92483333,7.079666667,213,181.496,5357.7744,0,2025-Jun-09 12:41:04,0.111191034
Rider-869,15:10:33,51.9245,7.079166667,213,181.496,5360.8224,0,2025-Jun-09 12:41:04,0.110254049
Rider-870,15:10:34,51.924,7.078833333,213,181.496,5364.7848,0,2025-Jun-09 12:41:04,0.110302687
Rider-871,15:10:35,51.92366667,7.078333333,213,181.496,5367.528,0,2025-Jun-09 12:41:04,0.110165358
Rider-872,15:10:36,51.92333333,7.078,213,181.496,5371.7952,0,2025-Jun-09 12:41:04,0.11059761
Rider-873,15:10:37,51.923,7.0775,213,181.496,5374.5384,0,2025-Jun-09 12:41:04,0.111065865
Rider-874,15:10:38,51.9225,7.077166667,213,181.496,5378.8056,0,2025-Jun-09 12:41:04,0.111069918
Rider-875,15:10:39,51.92216667,7.076666667,213,181.496,5381.5488,0,2025-Jun-09 12:41:05,0.110554457
Rider-876,15:10:40,51.92183333,7.076333333,213,181.496,5385.816,0,2025-Jun-09 12:41:05,0.110182524
Rider-877,15:10:41,51.92133333,7.076,213,183.348,5388.5592,0,2025-Jun-09 12:41:05,0.110477686
Rider-878,15:10:42,51.921,7.0755,213,183.348,5392.8264,0,2025-Jun-09 12:41:05,0.111266613
Rider-879,15:10:43,51.92066667,7.075166667,213,183.348,5395.5696,0,2025-Jun-09 12:41:05,0.111311436
Rider-880,15:10:44,51.92033333,7.074666667,213,183.348,5399.532,0,2025-Jun-09 12:41:05,0.110631943
Rider-881,15:10:45,51.91983333,7.074333333,213,183.348,5402.58,0,2025-Jun-09 12:41:05,0.110699654
Rider-882,15:10:46,51.9195,7.073833333,213,183.348,5406.5424,0,2025-Jun-09 12:41:05,0.110034704
Rider-883,15:10:47,51.91916667,7.0735,213,183.348,5410.8096,0,2025-Jun-09 12:41:05,0.110682964
Rider-884,15:10:48,51.91866667,7.073,213,183.348,5413.5528,0,2025-Jun-09 12:41:06,0.11065197
Rider-885,15:10:49,51.91833333,7.072666667,213,183.348,5417.82,0,2025-Jun-09 12:41:06,0.11127305
Rider-886,15:10:50,51.918,7.072166667,213,183.348,5420.5632,0,2025-Jun-09 12:41:06,0.11162591
Rider-887,15:10:51,51.91766667,7.071833333,213,183.348,5424.8304,0,2025-Jun-09 12:41:06,0.110570431
Rider-888,15:10:52,51.91716667,7.071333333,213,183.348,5428.7928,0,2025-Jun-09 12:41:06,0
Rider-889,15:10:53,51.91683333,7.071,213,183.348,5431.536,0,2025-Jun-09 12:41:07,1.125283718
Rider-890,15:10:54,51.9165,7.0705,213,183.348,5435.8032,0,2025-Jun-09 12:41:07,0.111356974
Rider-891,15:10:55,51.916,7.070166667,214,183.348,5438.5464,0,2025-Jun-09 12:41:07,0.110896349
Rider-892,15:10:56,51.91566667,7.069666667,214,183.348,5442.8136,0,2025-Jun-09 12:41:07,0.111472845
Rider-893,15:10:57,51.91533333,7.069333333,214,183.348,5446.776,0,2025-Jun-09 12:41:07,0.111728907
Rider-894,15:10:58,51.915,7.068833333,214,183.348,5449.824,0,2025-Jun-09 12:41:08,0.111236334
Rider-895,15:10:59,51.9145,7.0685,214,183.348,5453.7864,0,2025-Jun-09 12:41:08,0.111034632
Rider-896,15:11:00,51.91416667,7.068,214,183.348,5457.7488,0,2025-Jun-09 12:41:08,0.111600161
Rider-897,15:11:01,51.91383333,7.067666667,214,183.348,5460.7968,0,2025-Jun-09 12:41:08,0.110408306
Rider-898,15:11:02,51.91333333,7.067166667,214,183.348,5464.7592,0,2025-Jun-09 12:41:08,0.110756159
Rider-899,15:11:03,51.913,7.066833333,215,183.348,5468.7216,0,2025-Jun-09 12:41:08,0.110831261
Rider-900,15:11:04,51.91266667,7.066333333,216,183.348,5472.684,0,2025-Jun-09 12:41:08,0.111290693
Rider-901,15:11:05,51.91233333,7.065833333,218,183.348,5476.6464,0,2025-Jun-09 12:41:08,0.110806465
Rider-902,15:11:06,51.912,7.065333333,220,185.2,5480.6088,0,2025-Jun-09 12:41:08,0.110242367
Rider-903,15:11:07,51.91166667,7.064833333,221,185.2,5483.6568,0,2025-Jun-09 12:41:09,0.11070466
Rider-904,15:11:08,51.91116667,7.064333333,222,185.2,5487.6192,0,2025-Jun-09 12:41:09,0.111784697
Rider-905,15:11:09,51.91083333,7.063833333,223,185.2,5491.5816,0,2025-Jun-09 12:41:09,0.110762119
Rider-906,15:11:10,51.9105,7.063333333,224,185.2,5495.544,0,2025-Jun-09 12:41:09,0.111133814
Rider-907,15:11:11,51.91016667,7.062833333,225,185.2,5498.592,0,2025-Jun-09 12:41:09,0.110889912
Rider-908,15:11:12,51.91,7.062333333,226,185.2,5502.5544,0,2025-Jun-09 12:41:09,0.111399412
Rider-909,15:11:13,51.90966667,7.061666667,226,187.052,5505.6024,0,2025-Jun-09 12:41:09,0.110813856
Rider-910,15:11:14,51.90933333,7.061166667,227,187.052,5509.5648,0,2025-Jun-09 12:41:09,0.11116457
Rider-911,15:11:15,51.909,7.060666667,227,187.052,5512.6128,0,2025-Jun-09 12:41:09,0.111473083
Rider-912,15:11:16,51.90866667,7.06,227,187.052,5516.5752,0,2025-Jun-09 12:41:10,0.110706329
Rider-913,15:11:17,51.90833333,7.0595,228,187.052,5519.6232,0,2025-Jun-09 12:41:10,0.111254215
Rider-914,15:11:18,51.908,7.059,228,188.904,5522.6712,0,2025-Jun-09 12:41:10,0
Rider-915,15:11:19,51.90766667,7.058333333,229,188.904,5526.6336,0,2025-Jun-09 12:41:11,1.112752676
Rider-916,15:11:20,51.90733333,7.057833333,229,188.904,5529.6816,0,2025-Jun-09 12:41:11,0.110504389
Rider-917,15:11:21,51.90716667,7.057166667,229,188.904,5533.644,0,2025-Jun-09 12:41:11,0.110942602
Rider-918,15:11:22,51.90683333,7.056666667,229,188.904,5536.692,0,2025-Jun-09 12:41:11,0.11094141
Rider-919,15:11:23,51.9065,7.056,230,190.756,5539.74,0,2025-Jun-09 12:41:11,0.111499548
Rider-920,15:11:24,51.90616667,7.055333333,230,190.756,5542.788,0,2025-Jun-09 12:41:11,0.111140013
Rider-921,15:11:25,51.90583333,7.054833333,230,190.756,5545.836,0,2025-Jun-09 12:41:11,0.11093092
Rider-922,15:11:26,51.9055,7.054166667,230,192.608,5548.5792,0,2025-Jun-09 12:41:12,0.111498356
Rider-923,15:11:27,51.90533333,7.053666667,230,192.608,5550.7128,0,2025-Jun-09 12:41:12,0.111081839
Rider-924,15:11:28,51.905,7.053,230,194.46,5551.6272,0,2025-Jun-09 12:41:12,0.111519337
Rider-925,15:11:29,51.90466667,7.052333333,230,194.46,5553.7608,0,2025-Jun-09 12:41:12,0.110961199
Rider-926,15:11:30,51.90433333,7.051833333,230,196.312,5555.5896,0,2025-Jun-09 12:41:12,0.111063242
Rider-927,15:11:31,51.904,7.051166667,231,196.312,5557.7232,0,2025-Jun-09 12:41:12,0.111101866
Rider-928,15:11:32,51.90366667,7.0505,231,196.312,5559.552,0,2025-Jun-09 12:41:12,0.111671209
Rider-929,15:11:33,51.90333333,7.05,231,198.164,5560.7712,0,2025-Jun-09 12:41:12,0.112239361
Rider-930,15:11:34,51.90316667,7.049333333,231,198.164,5562.6,0,2025-Jun-09 12:41:12,0.111998796
Rider-931,15:11:35,51.90283333,7.048666667,231,200.016,5564.7336,0,2025-Jun-09 12:41:13,0.111153603
Rider-932,15:11:36,51.9025,7.048,231,200.016,5566.5624,0,2025-Jun-09 12:41:13,0.111382484
Rider-933,15:11:37,51.90216667,7.047333333,231,200.016,5568.696,0,2025-Jun-09 12:41:13,0.111310482
Rider-934,15:11:38,51.90183333,7.046833333,231,201.868,5570.8296,0,2025-Jun-09 12:41:13,0.1110816
Rider-935,15:11:39,51.9015,7.046166667,231,201.868,5571.744,0,2025-Jun-09 12:41:13,0.111158133
Rider-936,15:11:40,51.90116667,7.0455,231,201.868,5573.5728,0,2025-Jun-09 12:41:13,0.111548662
Rider-937,15:11:41,51.90083333,7.044833333,231,201.868,5575.7064,0,2025-Jun-09 12:41:13,0.111379385
Rider-938,15:11:42,51.9005,7.044166667,231,203.72,5577.84,0,2025-Jun-09 12:41:13,0.110598326
Rider-939,15:11:43,51.90033333,7.0435,231,203.72,5580.5832,0,2025-Jun-09 12:41:13,0.110613823
Rider-940,15:11:44,51.9,7.042833333,232,203.72,5582.7168,0,2025-Jun-09 12:41:13,0
Rider-941,15:11:45,51.89966667,7.042166667,232,205.572,5584.8504,0,2025-Jun-09 12:41:15,1.125103712
Rider-942,15:11:46,51.89933333,7.0415,234,207.424,5586.6792,0,2025-Jun-09 12:41:15,0.111318588
Rider-943,15:11:47,51.899,7.040833333,236,209.276,5588.8128,0,2025-Jun-09 12:41:15,0.110678196
Rider-944,15:11:48,51.89883333,7.040166667,239,211.128,5590.6416,0,2025-Jun-09 12:41:15,0.110991716
Rider-945,15:11:49,51.8985,7.039333333,242,214.832,5592.7752,0,2025-Jun-09 12:41:15,0.111175537
Rider-946,15:11:50,51.89833333,7.038666667,246,216.684,5593.6896,0,2025-Jun-09 12:41:15,0.111264467
Rider-947,15:11:51,51.898,7.037833333,249,220.388,5595.8232,0,2025-Jun-09 12:41:15,0.110427856
Rider-948,15:11:52,51.89783333,7.036833333,252,224.092,5596.7376,0,2025-Jun-09 12:41:15,0.11004591
Rider-949,15:11:53,51.89783333,7.036,255,227.796,5598.5664,0,2025-Jun-09 12:41:15,0.111828327
Rider-950,15:11:54,51.89766667,7.035166667,259,233.352,5599.7856,0,2025-Jun-09 12:41:16,0.110908985
Rider-951,15:11:55,51.8975,7.034166667,262,238.908,5600.7,0,2025-Jun-09 12:41:16,0.111168623
Rider-952,15:11:56,51.8975,7.033166667,266,244.464,5601.6144,0,2025-Jun-09 12:41:16,0.111336946
Rider-953,15:11:57,51.8975,7.032166667,269,250.02,5602.8336,0,2025-Jun-09 12:41:16,0.111723423
Rider-954,15:11:58,51.8975,7.031166667,272,253.724,5603.748,0,2025-Jun-09 12:41:16,0.110816717
Rider-955,15:11:59,51.8975,7.030166667,275,259.28,5604.6624,0,2025-Jun-09 12:41:16,0.110534906
Rider-956,15:12:00,51.89766667,7.029,277,262.984,5606.796,0,2025-Jun-09 12:41:16,0.112360954
Rider-957,15:12:01,51.89766667,7.028,279,266.688,5607.7104,0,2025-Jun-09 12:41:16,0.108320951
Rider-958,15:12:02,51.89783333,7.027,280,268.54,5609.844,0,2025-Jun-09 12:41:16,0.110361338
Rider-959,15:12:03,51.898,7.025833333,281,270.392,5611.6728,0,2025-Jun-09 12:41:17,0.110431671
Rider-960,15:12:04,51.89816667,7.024833333,281,272.244,5613.8064,0,2025-Jun-09 12:41:17,0.111078978
Rider-961,15:12:05,51.89833333,7.023666667,282,274.096,5615.6352,0,2025-Jun-09 12:41:17,0.110762119
Rider-962,15:12:06,51.8985,7.022666667,283,275.948,5616.8544,0,2025-Jun-09 12:41:17,0.110467672
Rider-963,15:12:07,51.89866667,7.0215,284,277.8,5618.6832,0,2025-Jun-09 12:41:17,0.110875607
Rider-964,15:12:08,51.89883333,7.020333333,285,279.652,5620.8168,0,2025-Jun-09 12:41:17,0.11085248
Rider-965,15:12:09,51.899,7.019333333,286,283.356,5621.7312,0,2025-Jun-09 12:41:17,0.111533642
Rider-966,15:12:10,51.89916667,7.018166667,287,287.06,5622.6456,0,2025-Jun-09 12:41:17,0
Rider-967,15:12:11,51.89933333,7.017166667,289,288.912,5624.7792,0,2025-Jun-09 12:41:18,1.125307083
Rider-968,15:12:12,51.89966667,7.016,289,290.764,5626.608,0,2025-Jun-09 12:41:19,0.111458302
Rider-969,15:12:13,51.89983333,7.014833333,290,292.616,5628.7416,0,2025-Jun-09 12:41:19,0.111303091
Rider-970,15:12:14,51.90016667,7.013833333,291,294.468,5629.656,0,2025-Jun-09 12:41:19,0.110286713
Rider-971,15:12:15,51.9005,7.012666667,291,296.32,5631.7896,0,2025-Jun-09 12:41:19,0.111123085
Rider-972,15:12:16,51.90066667,7.0115,292,298.172,5633.6184,0,2025-Jun-09 12:41:19,0.111435413
Rider-973,15:12:17,51.901,7.0105,292,300.024,5635.752,0,2025-Jun-09 12:41:19,0.11147213
Rider-974,15:12:18,51.90133333,7.009333333,293,301.876,5636.6664,0,2025-Jun-09 12:41:19,0.110129595
Rider-975,15:12:19,51.90166667,7.008166667,295,305.58,5638.8,0,2025-Jun-09 12:41:19,0.110785246
Rider-976,15:12:20,51.902,7.007166667,297,309.284,5639.7144,0,2025-Jun-09 12:41:19,0.111638308
Rider-977,15:12:21,51.90233333,7.006,299,314.84,5640.6288,0,2025-Jun-09 12:41:20,0.110761642
Rider-978,15:12:22,51.90283333,7.004833333,301,320.396,5641.848,0,2025-Jun-09 12:41:20,0.111832857
Rider-979,15:12:23,51.90316667,7.003833333,303,324.1,5643.6768,0,2025-Jun-09 12:41:20,0.110980511
Rider-980,15:12:24,51.90366667,7.002666667,305,327.804,5645.8104,0,2025-Jun-09 12:41:20,0.110481262
Rider-981,15:12:25,51.90416667,7.001666667,306,331.508,5646.7248,0,2025-Jun-09 12:41:20,0.110987425
Rider-982,15:12:26,51.90466667,7.0005,307,335.212,5648.8584,0,2025-Jun-09 12:41:20,0.110184669
Rider-983,15:12:28,51.90583333,6.9985,311,344.472,5651.6016,0,2025-Jun-09 12:41:20,0.111134768
Rider-984,15:12:29,51.90633333,6.9975,313,348.176,5652.8208,0,2025-Jun-09 12:41:20,0.111011505
Rider-985,15:12:30,51.907,6.996333333,315,351.88,5654.6496,0,2025-Jun-09 12:41:20,0.110658407
Rider-986,15:12:31,51.90766667,6.995333333,316,355.584,5656.7832,0,2025-Jun-09 12:41:21,0.110941648
Rider-987,15:12:32,51.90833333,6.9945,317,357.436,5658.612,0,2025-Jun-09 12:41:21,0.11097765
Rider-988,15:12:33,51.909,6.9935,319,361.14,5659.8312,0,2025-Jun-09 12:41:21,0.11142683
Rider-989,15:12:34,51.90966667,6.9925,320,364.844,5661.66,0,2025-Jun-09 12:41:21,0.110925913
Rider-990,15:12:35,51.91033333,6.991666667,322,368.548,5663.7936,0,2025-Jun-09 12:41:21,0.110261679
Rider-991,15:12:36,51.91116667,6.990666667,323,372.252,5665.6224,0,2025-Jun-09 12:41:21,0.110613108
Rider-992,15:12:37,51.91183333,6.989833333,325,375.956,5667.756,0,2025-Jun-09 12:41:21,0
Rider-993,15:12:38,51.91266667,6.989,327,379.66,5669.5848,0,2025-Jun-09 12:41:22,1.123811483
Rider-994,15:12:39,51.9135,6.988166667,329,385.216,5671.7184,0,2025-Jun-09 12:41:22,0.111109734
Rider-995,15:12:40,51.91433333,6.987333333,331,388.92,5673.852,0,2025-Jun-09 12:41:22,0.1105299
Rider-996,15:12:41,51.91516667,6.986666667,332,392.624,5675.6808,0,2025-Jun-09 12:41:23,0.110971689
Rider-997,15:12:42,51.91616667,6.986,334,394.476,5677.8144,0,2025-Jun-09 12:41:23,0.110718966
Rider-998,15:12:43,51.917,6.985333333,335,398.18,5680.8624,0,2025-Jun-09 12:41:23,0.110929728
Rider-999,15:12:44,51.91783333,6.984666667,337,401.884,5682.6912,0,2025-Jun-09 12:41:23,0.111159086
Rider-1000,15:12:45,51.91883333,6.984,338,403.736,5685.7392,0,2025-Jun-09 12:41:23,0.110627651
Rider-1001,15:12:46,51.91983333,6.9835,340,407.44,5687.568,0,2025-Jun-09 12:41:23,0.110816479
Rider-1002,15:12:47,51.92083333,6.983,341,409.292,5690.616,0,2025-Jun-09 12:41:23,0.111195087
Rider-1003,15:12:48,51.92166667,6.9825,342,411.144,5693.664,0,2025-Jun-09 12:41:23,0.110467672
Rider-1004,15:12:49,51.92266667,6.982,343,412.996,5696.712,0,2025-Jun-09 12:41:23,0.111351967
Rider-1005,15:12:50,51.92366667,6.9815,344,414.848,5699.76,0,2025-Jun-09 12:41:24,0.110995293
Rider-1006,15:12:51,51.92466667,6.981166667,345,414.848,5702.808,0,2025-Jun-09 12:41:24,0.11102128
Rider-1007,15:12:52,51.92566667,6.980666667,346,416.7,5705.856,0,2025-Jun-09 12:41:24,0.109822273
Rider-1008,15:12:53,51.92683333,6.980333333,347,418.552,5708.5992,0,2025-Jun-09 12:41:24,0.111282587
Rider-1009,15:12:54,51.92783333,6.98,348,420.404,5711.6472,0,2025-Jun-09 12:41:24,0.110427141
Rider-1010,15:12:55,51.92883333,6.979666667,350,422.256,5714.6952,0,2025-Jun-09 12:41:24,0.11163497
Rider-1011,15:12:56,51.92983333,6.9795,351,424.108,5717.7432,0,2025-Jun-09 12:41:24,0.110637426
Rider-1012,15:12:57,51.931,6.979166667,353,425.96,5720.7912,0,2025-Jun-09 12:41:24,0.110889435
Rider-1013,15:12:58,51.932,6.979,354,427.812,5723.8392,0,2025-Jun-09 12:41:24,0.11088562
Rider-1014,15:12:59,51.933,6.978833333,355,427.812,5726.5824,0,2025-Jun-09 12:41:25,0.110962391
Rider-1015,15:13:00,51.93416667,6.978833333,356,429.664,5729.6304,0,2025-Jun-09 12:41:25,0.111281872
Rider-1016,15:13:01,51.93516667,6.978666667,356,429.664,5733.5928,0,2025-Jun-09 12:41:25,0.11116004
Rider-1017,15:13:02,51.93633333,6.978666667,357,431.516,5736.6408,0,2025-Jun-09 12:41:25,0.112249374
Rider-1018,15:13:03,51.93733333,6.9785,358,431.516,5740.6032,0,2025-Jun-09 12:41:25,0
Rider-1019,15:13:04,51.9385,6.9785,359,431.516,5743.6512,0,2025-Jun-09 12:41:26,1.12324667
Rider-1020,15:13:05,51.9395,6.9785,359,431.516,5747.6136,0,2025-Jun-09 12:41:26,0.110328436
Rider-1021,15:13:06,51.94066667,6.9785,None,433.368,5750.6616,0,2025-Jun-09 12:41:26,0.111384869
Rider-1022,15:13:07,51.94166667,6.9785,1,433.368,5754.624,0,2025-Jun-09 12:41:26,0.110994101
Rider-1023,15:13:08,51.94283333,6.978666667,2,433.368,5757.672,0,2025-Jun-09 12:41:26,0.110854149
Rider-1024,15:13:09,51.94383333,6.978666667,3,435.22,5761.6344,0,2025-Jun-09 12:41:27,0.111314058
Rider-1025,15:13:10,51.945,6.978833333,4,435.22,5764.6824,0,2025-Jun-09 12:41:27,0.111397266
Rider-1026,15:13:11,51.946,6.979,5,437.072,5767.7304,0,2025-Jun-09 12:41:27,0.110518217
Rider-1027,15:13:12,51.94716667,6.979166667,6,437.072,5771.6928,0,2025-Jun-09 12:41:27,0.111160994
Rider-1028,15:13:13,51.94816667,6.979333333,6,437.072,5775.6552,0,2025-Jun-09 12:41:27,0.110854149
Rider-1029,15:13:15,51.95033333,6.979833333,7,437.072,5783.58,0,2025-Jun-09 12:41:27,0.110446215
Rider-1030,15:13:16,51.9515,6.98,7,437.072,5786.628,0,2025-Jun-09 12:41:27,0.110039473
Rider-1031,15:13:17,51.9525,6.980333333,8,435.22,5790.5904,0,2025-Jun-09 12:41:27,0.110759735
Rider-1032,15:13:18,51.9535,6.9805,8,435.22,5794.8576,0,2025-Jun-09 12:41:28,0.110356808
Rider-1033,15:13:19,51.95466667,6.980833333,8,435.22,5798.82,0,2025-Jun-09 12:41:28,0.110402107
Rider-1034,15:13:20,51.95566667,6.981166667,9,435.22,5802.7824,0,2025-Jun-09 12:41:28,0.110114574
Rider-1035,15:13:21,51.95683333,6.9815,10,435.22,5806.7448,0,2025-Jun-09 12:41:28,0.109736681
Rider-1036,15:13:22,51.95783333,6.981833333,10,435.22,5809.7928,0,2025-Jun-09 12:41:28,0.110512495
Rider-1037,15:13:23,51.959,6.982166667,11,435.22,5813.7552,0,2025-Jun-09 12:41:28,0.111428738
Rider-1038,15:13:24,51.96,6.9825,11,435.22,5817.7176,0,2025-Jun-09 12:41:28,0.111143112
Rider-1039,15:13:25,51.961,6.982833333,11,435.22,5821.68,0,2025-Jun-09 12:41:28,0.110883474
Rider-1040,15:13:26,51.96216667,6.983166667,12,435.22,5825.6424,0,2025-Jun-09 12:41:28,0.111124516
Rider-1041,15:13:27,51.96316667,6.9835,12,435.22,5829.6048,0,2025-Jun-09 12:41:29,0.110944748
Rider-1042,15:13:28,51.96433333,6.984,12,435.22,5833.872,0,2025-Jun-09 12:41:29,0.110893965
Rider-1043,15:13:29,51.96533333,6.984333333,13,435.22,5837.8344,0,2025-Jun-09 12:41:29,0
Rider-1044,15:13:30,51.96633333,6.984833333,14,435.22,5840.8824,0,2025-Jun-09 12:41:30,1.113093138
Rider-1045,15:13:31,51.9675,6.985166667,15,435.22,5844.8448,0,2025-Jun-09 12:41:30,0.110833645
Rider-1046,15:13:32,51.9685,6.985666667,16,435.22,5847.588,0,2025-Jun-09 12:41:30,0.11053443
Rider-1047,15:13:33,51.9695,6.986166667,17,435.22,5851.8552,0,2025-Jun-09 12:41:30,0.110561371
Rider-1048,15:13:34,51.9705,6.986833333,18,435.22,5855.8176,0,2025-Jun-09 12:41:30,0.111522198
Rider-1049,15:13:35,51.9715,6.987333333,19,437.072,5858.8656,0,2025-Jun-09 12:41:30,0.111164808
Rider-1050,15:13:36,51.97266667,6.988,20,437.072,5862.828,0,2025-Jun-09 12:41:30,0.111515284
Rider-1051,15:13:37,51.97366667,6.988666667,22,437.072,5865.876,0,2025-Jun-09 12:41:31,0.111424923
Rider-1052,15:13:38,51.97466667,6.989333333,24,437.072,5868.6192,0,2025-Jun-09 12:41:31,0.110947847
Rider-1053,15:13:39,51.97566667,6.990166667,26,437.072,5870.7528,0,2025-Jun-09 12:41:31,0.111374378
Rider-1054,15:13:40,51.9765,6.991,28,437.072,5873.8008,0,2025-Jun-09 12:41:31,0.110946655
Rider-1055,15:13:41,51.9775,6.991833333,30,437.072,5876.8488,0,2025-Jun-09 12:41:31,0.111247301
Rider-1056,15:13:42,51.9785,6.992833333,32,435.22,5879.592,0,2025-Jun-09 12:41:31,0.109683037
Rider-1057,15:13:43,51.97933333,6.993666667,33,435.22,5882.64,0,2025-Jun-09 12:41:31,0.110472202
Rider-1058,15:13:44,51.98016667,6.994666667,35,435.22,5885.688,0,2025-Jun-09 12:41:31,0.111336946
Rider-1059,15:13:45,51.98116667,6.995833333,37,433.368,5888.736,0,2025-Jun-09 12:41:31,0.111582518
Rider-1060,15:13:46,51.982,6.996833333,39,433.368,5891.784,0,2025-Jun-09 12:41:32,0.110802889
Rider-1061,15:13:47,51.98283333,6.998,40,431.516,5894.832,0,2025-Jun-09 12:41:32,0.11066103
Rider-1062,15:13:48,51.9835,6.999166667,42,429.664,5897.88,0,2025-Jun-09 12:41:32,0.1098876
Rider-1063,15:13:49,51.98433333,7.000333333,43,429.664,5900.6232,0,2025-Jun-09 12:41:32,0.11044836
Rider-1064,15:13:50,51.98516667,7.001666667,45,427.812,5903.6712,0,2025-Jun-09 12:41:32,0.110652685
Rider-1065,15:13:51,51.98583333,7.002833333,47,425.96,5905.8048,0,2025-Jun-09 12:41:32,0.111041307
Rider-1066,15:13:52,51.9865,7.004166667,49,424.108,5908.8528,0,2025-Jun-09 12:41:32,0.111412287
Rider-1067,15:13:53,51.98716667,7.0055,51,422.256,5911.596,0,2025-Jun-09 12:41:32,0.110778809
Rider-1068,15:13:54,51.98783333,7.006833333,53,420.404,5913.7296,0,2025-Jun-09 12:41:32,0.110673428
Rider-1069,15:13:55,51.9885,7.008166667,55,418.552,5916.7776,0,2025-Jun-09 12:41:32,0
Rider-1070,15:13:56,51.989,7.009666667,56,414.848,5918.6064,0,2025-Jun-09 12:41:34,1.124368429
Rider-1071,15:13:57,51.9895,7.011,58,412.996,5921.6544,0,2025-Jun-09 12:41:34,0.111888885
Rider-1072,15:13:58,51.99016667,7.0125,60,409.292,5923.788,0,2025-Jun-09 12:41:34,0.111067533
Rider-1073,15:13:59,51.9905,7.014,62,407.44,5926.836,0,2025-Jun-09 12:41:34,0.111609697
Rider-1074,15:14:00,51.991,7.015333333,64,403.736,5928.6648,0,2025-Jun-09 12:41:34,0.110170841
Rider-1075,15:14:01,51.99133333,7.016833333,66,400.032,5930.7984,0,2025-Jun-09 12:41:34,0.110466242
Rider-1076,15:14:02,51.99183333,7.018333333,68,398.18,5933.8464,0,2025-Jun-09 12:41:34,0.110507488
Rider-1077,15:14:03,51.99216667,7.019833333,70,394.476,5935.6752,0,2025-Jun-09 12:41:34,0.111325264
Rider-1078,15:14:04,51.9925,7.021333333,72,390.772,5937.8088,0,2025-Jun-09 12:41:34,0.111538649
Rider-1079,15:14:05,51.99266667,7.022833333,74,387.068,5939.6376,0,2025-Jun-09 12:41:35,0.111481905
Rider-1080,15:14:06,51.99283333,7.0245,76,383.364,5941.7712,0,2025-Jun-09 12:41:35,0.111172915
Rider-1081,15:14:07,51.99316667,7.026,79,379.66,5943.6,0,2025-Jun-09 12:41:35,0.110825062
Rider-1082,15:14:08,51.99333333,7.0275,81,374.104,5945.7336,0,2025-Jun-09 12:41:35,0.111361504
Rider-1083,15:14:09,51.99333333,7.029,83,370.4,5947.8672,0,2025-Jun-09 12:41:35,0.110994339
Rider-1084,15:14:10,51.9935,7.030333333,85,366.696,5949.696,0,2025-Jun-09 12:41:35,0.111787796
Rider-1085,15:14:11,51.9935,7.031833333,87,361.14,5951.8296,0,2025-Jun-09 12:41:35,0.111163139
Rider-1086,15:14:12,51.9935,7.033333333,89,357.436,5953.6584,0,2025-Jun-09 12:41:35,0.111161709
Rider-1087,15:14:13,51.9935,7.034833333,91,351.88,5955.792,0,2025-Jun-09 12:41:35,0.111893892
Rider-1088,15:14:14,51.9935,7.036166667,94,348.176,5957.6208,0,2025-Jun-09 12:41:36,0.111896515
Rider-1089,15:14:15,51.99333333,7.0375,96,342.62,5959.7544,0,2025-Jun-09 12:41:36,0.111003876
Rider-1090,15:14:16,51.99316667,7.039,98,338.916,5960.6688,0,2025-Jun-09 12:41:36,0.111092806
Rider-1091,15:14:17,51.99316667,7.040333333,101,333.36,5962.8024,0,2025-Jun-09 12:41:36,0.111382484
Rider-1092,15:14:18,51.99283333,7.0415,103,327.804,5963.7168,0,2025-Jun-09 12:41:36,0.111001968
Rider-1093,15:14:19,51.99266667,7.042833333,105,324.1,5965.8504,0,2025-Jun-09 12:41:36,0.111303329
Rider-1094,15:14:20,51.9925,7.044,107,320.396,5967.6792,0,2025-Jun-09 12:41:36,0.111607313
Rider-1095,15:14:21,51.99216667,7.045333333,109,316.692,5969.8128,0,2025-Jun-09 12:41:36,0
Rider-1096,15:14:22,51.992,7.0465,111,311.136,5971.6416,0,2025-Jun-09 12:41:37,1.126088858
Rider-1097,15:14:23,51.99166667,7.047666667,113,307.432,5972.8608,0,2025-Jun-09 12:41:37,0.112055302
Rider-1098,15:14:24,51.99133333,7.048666667,116,301.876,5973.7752,0,2025-Jun-09 12:41:38,0.111242533
Rider-1099,15:14:25,51.991,7.049833333,119,296.32,5974.6896,0,2025-Jun-09 12:41:38,0.110946894
Rider-1100,15:14:26,51.9905,7.050833333,122,290.764,5976.8232,0,2025-Jun-09 12:41:38,0.111928463
Rider-1101,15:14:27,51.99016667,7.051833333,124,287.06,5977.7376,0,2025-Jun-09 12:41:38,0.110996723
Rider-1102,15:14:28,51.98966667,7.052666667,127,281.504,5979.8712,0,2025-Jun-09 12:41:38,0.110621691
Rider-1103,15:14:29,51.98933333,7.0535,130,275.948,5980.7856,0,2025-Jun-09 12:41:38,0.111285448
Rider-1104,15:14:30,51.98883333,7.054333333,132,272.244,5981.7,0,2025-Jun-09 12:41:38,0.111181736
Rider-1105,15:14:31,51.98833333,7.055166667,134,268.54,5983.8336,0,2025-Jun-09 12:41:38,0.110646486
Rider-1106,15:14:32,51.98783333,7.056,136,266.688,5984.748,0,2025-Jun-09 12:41:38,0.110825062
Rider-1107,15:14:33,51.98733333,7.056666667,137,264.836,5987.796,0,2025-Jun-09 12:41:39,0.111631632
Rider-1108,15:14:34,51.98683333,7.057333333,138,262.984,5988.7104,0,2025-Jun-09 12:41:39,0.11118412
Rider-1109,15:14:35,51.98633333,7.058,139,261.132,5990.844,0,2025-Jun-09 12:41:39,0.111105442
Rider-1110,15:14:36,51.98583333,7.058666667,140,259.28,5992.6728,0,2025-Jun-09 12:41:39,0.110394955
Rider-1111,15:14:37,51.98533333,7.059333333,141,259.28,5994.8064,0,2025-Jun-09 12:41:39,0.111284494
Rider-1112,15:14:38,51.98483333,7.06,142,257.428,5996.6352,0,2025-Jun-09 12:41:39,0.111325026
Rider-1113,15:14:39,51.98433333,7.060666667,143,257.428,5998.7688,0,2025-Jun-09 12:41:39,0.111874104
Rider-1114,15:14:40,51.98383333,7.061333333,144,255.576,6000.9024,0,2025-Jun-09 12:41:39,0.110634804
Rider-1115,15:14:41,51.98333333,7.061833333,145,253.724,6002.7312,0,2025-Jun-09 12:41:39,0.111495256
Rider-1116,15:14:42,51.98283333,7.062333333,147,250.02,6003.6456,0,2025-Jun-09 12:41:40,0.110353708
Rider-1117,15:14:43,51.98233333,7.063,148,248.168,6005.7792,0,2025-Jun-09 12:41:40,0.111137152
Rider-1118,15:14:45,51.98166667,7.0635,149,248.168,6007.608,0,2025-Jun-09 12:41:40,0.110253334
Rider-1119,15:14:45,51.98116667,7.064,150,246.316,6009.7416,0,2025-Jun-09 12:41:40,0.111596346
Rider-1120,15:14:46,51.98066667,7.0645,151,246.316,6011.8752,0,2025-Jun-09 12:41:40,0.111256123
Rider-1121,15:14:47,51.98016667,7.064833333,152,246.316,6013.704,0,2025-Jun-09 12:41:40,0
Rider-1122,15:14:48,51.9795,7.065333333,152,244.464,6015.8376,0,2025-Jun-09 12:41:41,1.125953197
Rider-1123,15:14:49,51.979,7.065833333,153,244.464,6017.6664,0,2025-Jun-09 12:41:41,0.111380816
Rider-1124,15:14:50,51.9785,7.066166667,153,244.464,6019.8,0,2025-Jun-09 12:41:41,0.111950636
Rider-1125,15:14:51,51.978,7.066666667,154,244.464,6021.6288,0,2025-Jun-09 12:41:41,0.111476183
Rider-1126,15:14:52,51.97733333,7.067166667,154,242.612,6022.848,0,2025-Jun-09 12:41:42,0.111285448
Rider-1127,15:14:53,51.97683333,7.0675,155,242.612,6024.6768,0,2025-Jun-09 12:41:42,0.11108017
Rider-1128,15:14:54,51.97633333,7.067833333,155,242.612,6026.8104,0,2025-Jun-09 12:41:42,0.110618114
Rider-1129,15:14:55,51.97566667,7.068333333,155,242.612,6028.6392,0,2025-Jun-09 12:41:42,0.110844612
Rider-1130,15:14:56,51.97516667,7.068666667,156,242.612,6030.7728,0,2025-Jun-09 12:41:42,0.111565113
Rider-1131,15:14:57,51.97466667,7.069166667,156,242.612,6032.9064,0,2025-Jun-09 12:41:42,0.111123323
Rider-1132,15:14:58,51.974,7.0695,156,240.76,6034.7352,0,2025-Jun-09 12:41:42,0.110934973
Rider-1133,15:14:59,51.9735,7.069833333,157,240.76,6036.8688,0,2025-Jun-09 12:41:42,0.11148715
Rider-1134,15:15:00,51.973,7.070166667,157,240.76,6038.6976,0,2025-Jun-09 12:41:42,0.110573769
Rider-1135,15:15:01,51.97233333,7.070666667,157,240.76,6040.8312,0,2025-Jun-09 12:41:43,0.110852957
Rider-1136,15:15:02,51.97183333,7.071,158,240.76,6042.66,0,2025-Jun-09 12:41:43,0.111120701
Rider-1137,15:15:03,51.97133333,7.071333333,158,238.908,6044.7936,0,2025-Jun-09 12:41:43,0.111029863
Rider-1138,15:15:04,51.97066667,7.071666667,159,238.908,6046.6224,0,2025-Jun-09 12:41:43,0.111066818
Rider-1139,15:15:05,51.97016667,7.072,159,238.908,6048.756,0,2025-Jun-09 12:41:43,0.110942364
Rider-1140,15:15:06,51.9695,7.072333333,160,237.056,6050.8896,0,2025-Jun-09 12:41:43,0.110851765
Rider-1141,15:15:07,51.969,7.072666667,160,237.056,6052.7184,0,2025-Jun-09 12:41:43,0.111906767
Rider-1142,15:15:08,51.9685,7.073,160,237.056,6054.852,0,2025-Jun-09 12:41:43,0.11054945
Rider-1143,15:15:09,51.96783333,7.073333333,160,237.056,6057.9,0,2025-Jun-09 12:41:43,0.110426188
Rider-1144,15:15:10,51.96733333,7.073666667,161,235.204,6059.7288,0,2025-Jun-09 12:41:44,0.109900713
Rider-1145,15:15:11,51.96683333,7.074,161,235.204,6061.8624,0,2025-Jun-09 12:41:44,0.110514402
Rider-1146,15:15:12,51.96616667,7.074166667,161,235.204,6064.9104,0,2025-Jun-09 12:41:44,0.110592842
Rider-1147,15:15:13,51.96566667,7.0745,161,235.204,6066.7392,0,2025-Jun-09 12:41:44,0
Rider-1148,15:15:14,51.96516667,7.074833333,161,235.204,6068.8728,0,2025-Jun-09 12:41:45,1.12580514
Rider-1149,15:15:15,51.9645,7.075166667,162,233.352,6071.616,0,2025-Jun-09 12:41:45,0.110973358
Rider-1150,15:15:16,51.964,7.075333333,162,233.352,6073.7496,0,2025-Jun-09 12:41:45,0.111614466
Rider-1151,15:15:17,51.9635,7.075666667,162,233.352,6076.7976,0,2025-Jun-09 12:41:45,0.109553099
Rider-1152,15:15:18,51.96283333,7.076,163,231.5,6079.8456,0,2025-Jun-09 12:41:45,0.110806704
Rider-1153,15:15:19,51.96233333,7.076166667,163,231.5,6081.6744,0,2025-Jun-09 12:41:45,0.111311674
Rider-1154,15:15:20,51.96183333,7.0765,164,231.5,6084.7224,0,2025-Jun-09 12:41:46,0.110574961
Rider-1155,15:15:22,51.96116667,7.076666667,164,229.648,6087.7704,0,2025-Jun-09 12:41:46,0.111159325
Rider-1156,15:15:22,51.96066667,7.077,165,229.648,6089.904,0,2025-Jun-09 12:41:46,0.110592127
Rider-1157,15:15:24,51.96016667,7.077166667,167,227.796,6091.7328,0,2025-Jun-09 12:41:46,0.110611439
Rider-1158,15:15:25,51.9595,7.077333333,168,225.944,6094.7808,0,2025-Jun-09 12:41:46,0.111514091
Rider-1159,15:15:25,51.959,7.0775,170,224.092,6096.9144,0,2025-Jun-09 12:41:46,0.11115098
Rider-1160,15:15:26,51.9585,7.077666667,172,224.092,6098.7432,0,2025-Jun-09 12:41:46,0.111810923
Rider-1161,15:15:27,51.95783333,7.077833333,173,222.24,6100.8768,0,2025-Jun-09 12:41:46,0.110040188
Rider-1162,15:15:28,51.95733333,7.077833333,175,222.24,6102.7056,0,2025-Jun-09 12:41:46,0.110405445
Rider-1163,15:15:29,51.95683333,7.077833333,176,220.388,6103.62,0,2025-Jun-09 12:41:47,0.111135483
Rider-1164,15:15:30,51.95616667,7.078,179,218.536,6105.7536,0,2025-Jun-09 12:41:47,0.111924887
Rider-1165,15:15:31,51.95566667,7.077833333,182,218.536,6106.668,0,2025-Jun-09 12:41:47,0.110891342
Rider-1166,15:15:32,51.95516667,7.077833333,186,216.684,6107.8872,0,2025-Jun-09 12:41:47,0.110444784
Rider-1167,15:15:33,51.95466667,7.077666667,190,214.832,6107.8872,0,2025-Jun-09 12:41:47,0.11080575
Rider-1168,15:15:34,51.95416667,7.0775,193,212.98,6108.8016,0,2025-Jun-09 12:41:47,0.111154079
Rider-1169,15:15:35,51.9535,7.077333333,195,212.98,6110.6304,0,2025-Jun-09 12:41:47,0.111081362
